ID,Price
21100001,409409.925
21100002,1007654.295
21100003,1370354.3175
21100004,2505221.2875
21100005,2853351.5475
21100006,2638698.0675
21100007,3119847.3525
21100008,2582016.495
21100009,402471.315
21100010,1302835.92
21100011,3399081.15
21100012,1449262.065
21100013,1526503.035
21100014,1973875.59
21100015,691726.7475
21100016,949138.575
21100017,2351917.365
21100018,297822.795
21100019,704299.98
21100020,459768.4275
21100021,212505.72
21100022,727061.52
21100023,348127.11
21100024,523047.75
21100025,1420158.9075
21100026,2820260.7825
21100027,1009899.2925
21100028,432620.2125
21100029,813690.63
21100030,1680368.2275
21100031,686490.465
21100032,639303.9225
21100033,1153188.7425
21100034,1266565.2825
21100035,659252.4675
21100036,395668.7175
21100037,678777.5025
21100038,974630.565
21100039,1096917.06
21100040,730823.0025
21100041,2452462.92
21100042,253841.295
21100043,1001385.0975
21100044,262187.1675
21100045,585103.2825
21100046,718936.44
21100047,1328235.42
21100048,699786.3
21100049,2092478.4225
21100050,1332394.695
21100051,350908.7025
21100052,736356.2175
21100053,2199649.095
21100054,1152088.0575
21100055,139194.345
21100056,1596093.39
21100057,399308.28
21100058,1398126.7725
21100059,365074.53
21100060,1084542.51
21100061,182773.7925
21100062,904691.5875
21100063,1890829.5825
21100064,539974.4475
21100065,653164.7775
21100066,252509.085
21100067,2701839.9225
21100068,938831.9175
21100069,621923.6925
21100070,1586720.445
21100071,1588336.3125
21100072,2204416.5675
21100073,608068.1625
21100074,2405841.4425
21100075,823243.815
21100076,606710.985
21100077,321586.44
21100078,214139.1825
21100079,809713.4625
21100080,2816931.1425
21100081,310929.975
21100082,635802.39
21100083,1062225.555
21100084,418691.775
21100085,432356.805
21100086,145419.0675
21100087,542557.56
21100088,172421.265
21100089,913358.2425
21100090,672008.865
21100091,2152565.1675
21100092,2710246.2225
21100093,184137.36
21100094,2701368.72
21100095,590862.18
21100096,498735.39
21100097,695215.2825
21100098,1061402.6175
21100099,1451743.635
21100100,2399555.955
21100101,903486.5775
21100102,711035.5275
21100103,401203.89
21100104,1085484.4875
21100105,414359.6025
21100106,781889.2425
21100107,3865454.505
21100108,422423.07
21100109,1828580.22
21100110,203031.3525
21100111,422078.385
21100112,241251.165
21100113,1565400.6525
21100114,4832118.4275
21100115,523600.815
21100116,136988.1225
21100117,612064.4475
21100118,409166.9925
21100119,1886353.845
21100120,981527.28
21100121,1840632.6825
21100122,666982.62
21100123,211601.64
21100124,1719686.7975
21100125,914192.58
21100126,325492.905
21100127,640140.8325
21100128,565538.595
21100129,1925870.205
21100130,2454791.8575
21100131,695955.045
21100132,753587.535
21100133,325709.91
21100134,2718698.175
21100135,935171.28
21100136,275001.3975
21100137,332311.455
21100138,968019.8625
21100139,428579.9025
21100140,2855742.66
21100141,1541681.9175
21100142,1153683.405
21100143,731704.53
21100144,2127727.5675
21100145,601593.1725
21100146,1028453.9175
21100147,1015993.8975
21100148,1386882.885
21100149,984002.9625
21100150,943357.77
21100151,854771.3025
21100152,1668729.345
21100153,3203457.8325
21100154,1616182.0125
21100155,1395077.985
21100156,1028773.935
21100157,171974.055
21100158,935092.635
21100159,875199.2175
21100160,817517.055
21100161,632784.09
21100162,1229081.76
21100163,685561.1775
21100164,1337407.4325
21100165,1030298.5575
21100166,2661935.1
21100167,216312.87
21100168,1043214.7875
21100169,939763.6125
21100170,678709.2975
21100171,1634108.52
21100172,1050401.4075
21100173,809488.4025
21100174,1740256.4175
21100175,473586.675
21100176,892073.2575
21100177,560471.0925
21100178,2485665.0
21100179,1141131.75
21100180,1250229.795
21100181,463671.81
21100182,1978215.51
21100183,918777.9075
21100184,305798.1
21100185,440832.165
21100186,1510324.0425
21100187,228627.2625
21100188,796596.1275
21100189,616725.87
21100190,714744.105
21100191,972068.265
21100192,1009870.9875
21100193,2164229.4375
21100194,893570.085
21100195,448959.3375
21100196,414448.4025
21100197,651178.29
21100198,3525429.735
21100199,450323.8725
21100200,652416.675
21100201,610673.97
21100202,861064.095
21100203,1363372.38
21100204,1385339.1675
21100205,498263.565
21100206,761155.4175
21100207,1646014.86
21100208,1252408.02
21100209,767563.6725
21100210,817789.4175
21100211,1590786.6525
21100212,504970.8975
21100213,1646964.6225
21100214,1530657.885
21100215,417136.9125
21100216,1753473.8775
21100217,1275274.4325
21100218,296991.7275
21100219,378054.615
21100220,313612.77
21100221,2008683.0075
21100222,800640.765
21100223,1065056.3475
21100224,598764.735
21100225,399081.69
21100226,382292.4825
21100227,561269.4
21100228,2686285.1925
21100229,1010593.6875
21100230,1257368.865
21100231,1635356.2275
21100232,1032987.5475
21100233,1019324.5125
21100234,543465.3225
21100235,1021811.4075
21100236,2732884.9725
21100237,553211.7675
21100238,278838.96
21100239,1413802.635
21100240,652369.9725
21100241,1833087.7275
21100242,974039.34
21100243,995036.6175
21100244,904825.9575
21100245,4631781.4725
21100246,401390.2425
21100247,1850050.44
21100248,1416599.4975
21100249,161203.575
21100250,1276171.3275
21100251,486906.0825
21100252,515732.3775
21100253,1058922.915
21100254,486952.935
21100255,1912950.1575
21100256,770589.12
21100257,651271.9875
21100258,1509880.695
21100259,387551.25
21100260,1884422.46
21100261,622931.625
21100262,313318.29
21100263,1196188.6575
21100264,842362.005
21100265,131351.3325
21100266,743395.0125
21100267,339568.7175
21100268,426750.135
21100269,1381533.1125
21100270,1040504.1975
21100271,505270.9275
21100272,735209.5575
21100273,709553.415
21100274,670831.17
21100275,2038296.8025
21100276,314341.3125
21100277,417839.8125
21100278,1591693.17
21100279,464198.4825
21100280,846078.405
21100281,1564348.5225
21100282,1469879.2275
21100283,936146.985
21100284,1651773.7575
21100285,1197650.145
21100286,583679.79
21100287,608453.6025
21100288,546116.5725
21100289,344857.29
21100290,152396.295
21100291,736515.195
21100292,777952.095
21100293,2077861.845
21100294,1768028.9625
21100295,681288.735
21100296,1059151.26
21100297,606098.52
21100298,381122.8725
21100299,1943999.9625
21100300,312940.995
21100301,834399.5325
21100302,1752472.83
21100303,178196.775
21100304,1740778.4625
21100305,1430270.2875
21100306,2044024.0875
21100307,123339.4125
21100308,756339.3225
21100309,840723.09
21100310,997967.3925
21100311,733723.92
21100312,804217.065
21100313,560336.115
21100314,756094.905
21100315,566034.0375
21100316,985003.5825
21100317,733612.635
21100318,956376.0825
21100319,1691049.255
21100320,1525149.15
21100321,1110005.4225
21100322,3776210.235
21100323,861519.4875
21100324,1131518.025
21100325,1051708.365
21100326,1659981.3825
21100327,225180.78
21100328,702467.8875
21100329,629271.03
21100330,760904.955
21100331,1118024.955
21100332,342690.015
21100333,1096101.7575
21100334,1070451.3375
21100335,2695108.365
21100336,1512886.1625
21100337,598489.4475
21100338,1451899.8825
21100339,736718.055
21100340,1184998.77
21100341,1775834.5425
21100342,851183.67
21100343,1037509.3125
21100344,979163.4675
21100345,204380.7825
21100346,3050380.2225
21100347,347178.7275
21100348,1737868.7925
21100349,657280.215
21100350,1939416.96
21100351,437378.0475
21100352,496187.94
21100353,797783.6925
21100354,1682466.78
21100355,734602.485
21100356,889361.775
21100357,535000.5975
21100358,1869110.7525
21100359,385552.59
21100360,846786.7575
21100361,256763.6025
21100362,1032735.6225
21100363,2639759.13
21100364,118321.95
21100365,867534.075
21100366,1318650.12
21100367,1026609.9525
21100368,1006503.0
21100369,367459.2225
21100370,1300151.6025
21100371,403813.08
21100372,2373605.3325
21100373,2015689.05
21100374,583324.4325
21100375,751883.6925
21100376,455305.71
21100377,1765025.61
21100378,1322670.135
21100379,1039523.49
21100380,152245.35
21100381,1352555.28
21100382,111783.7425
21100383,775777.485
21100384,702605.5275
21100385,467089.7775
21100386,1419736.74
21100387,1420594.98
21100388,1406476.695
21100389,504827.835
21100390,1642399.7475
21100391,829677.4425
21100392,1057322.7075
21100393,142102.1925
21100394,717967.5825
21100395,779672.1
21100396,1178167.17
21100397,929535.6
21100398,1138886.6925
21100399,936878.3925
21100400,574480.4175
21100401,1941373.9275
21100402,1345805.1675
21100403,191672.13
21100404,1155518.3325
21100405,557521.1475
21100406,858544.725
21100407,1250068.2375
21100408,2094018.8775
21100409,576353.085
21100410,259637.4
21100411,2077779.975
21100412,1273984.635
21100413,2197541.7525
21100414,527786.325
21100415,1844321.7825
21100416,1514594.43
21100417,1350813.495
21100418,1422453.4875
21100419,991316.4975
21100420,2118063.075
21100421,409208.01
21100422,204288.7875
21100423,1075173.0825
21100424,566955.3825
21100425,214894.98
21100426,607524.81
21100427,645488.4525
21100428,533209.2375
21100429,513134.355
21100430,825542.175
21100431,1368016.245
21100432,400730.1375
21100433,1082747.28
21100434,2409823.3125
21100435,1578392.3925
21100436,617718.4125
21100437,987928.995
21100438,141702.18
21100439,2316169.89
21100440,4310926.1925
21100441,110665.9425
21100442,1186389.5475
21100443,1412842.62
21100444,395167.905
21100445,453209.85
21100446,2471266.455
21100447,53155.0875
21100448,688508.0925
21100449,606469.53
21100450,111296.9775
21100451,945105.0825
21100452,1535895.735
21100453,187729.6275
21100454,242298.54
21100455,1774240.575
21100456,156081.8625
21100457,682784.6775
21100458,992089.26
21100459,654200.5575
21100460,1619727.5925
21100461,780558.96
21100462,450523.365
21100463,1060971.6825
21100464,990684.1425
21100465,2296943.535
21100466,138674.6625
21100467,822802.8975
21100468,214595.2275
21100469,2226139.3875
21100470,1986478.74
21100471,3045186.165
21100472,2427157.0575
21100473,83341.8825
21100474,1734685.35
21100475,825264.8025
21100476,2248930.77
21100477,969957.03
21100478,406996.3425
21100479,1666678.785
21100480,1617211.7925
21100481,256418.7
21100482,893021.3625
21100483,2877534.3
21100484,1603700.1375
21100485,320764.4775
21100486,853080.33
21100487,830106.585
21100488,304737.6975
21100489,1999134.4275
21100490,508459.1625
21100491,887028.1875
21100492,2057744.6925
21100493,1129068.7425
21100494,3099068.445
21100495,1754880.915
21100496,1793019.3
21100497,707502.6975
21100498,255199.05
21100499,504230.5425
21100500,2287392.6075
21100501,528670.1325
21100502,2005681.0125
21100503,588387.705
21100504,126468.555
21100505,514423.32
21100506,813154.005
21100507,583449.6
21100508,1908993.84
21100509,649758.48
21100510,1425660.96
21100511,987890.2575
21100512,2015724.15
21100513,611617.8675
21100514,323448.5925
21100515,184253.3775
21100516,971822.01
21100517,1287559.4475
21100518,2669914.4775
21100519,593837.025
21100520,751121.4825
21100521,3797000.1825
21100522,1331180.895
21100523,1003298.28
21100524,627983.73
21100525,149692.275
21100526,756519.45
21100527,430503.12
21100528,652955.7
21100529,958029.375
21100530,865076.475
21100531,263040.8025
21100532,1002092.43
21100533,243702.8475
21100534,252337.56
21100535,617688.2775
21100536,1616573.1975
21100537,313755.3
21100538,680014.0275
21100539,410025.555
21100540,931174.0275
21100541,649676.1225
21100542,1736091.7575
21100543,921979.11
21100544,479580.21
21100545,254020.005
21100546,2980240.125
21100547,826534.1025
21100548,1077637.98
21100549,186743.6925
21100550,839343.525
21100551,565883.085
21100552,960869.73
21100553,1707741.105
21100554,1933871.955
21100555,282949.56
21100556,524704.53
21100557,1622451.2325
21100558,485280.6
21100559,356015.0475
21100560,1329051.1425
21100561,265530.2025
21100562,1541728.3725
21100563,350507.745
21100564,309116.925
21100565,474219.4125
21100566,982741.95
21100567,1781224.8975
21100568,316849.1325
21100569,1858205.5575
21100570,207737.955
21100571,504193.9875
21100572,1866700.785
21100573,1205500.755
21100574,1793757.6975
21100575,1350302.73
21100576,214186.095
21100577,295320.9075
21100578,1795864.755
21100579,514347.15
21100580,2719782.0375
21100581,544298.955
21100582,536876.2125
21100583,1159825.38
21100584,651455.2725
21100585,171919.035
21100586,138566.445
21100587,269267.025
21100588,1012722.3825
21100589,788369.9175
21100590,1547546.8125
21100591,388196.7075
21100592,190477.5975
21100593,1663892.13
21100594,1058107.74
21100595,1435344.72
21100596,1125781.02
21100597,2400782.5275
21100598,720497.0325
21100599,709292.97
21100600,767937.7275
21100601,1360615.53
21100602,1401711.0375
21100603,439897.5675
21100604,136395.4425
21100605,364244.3475
21100606,2510709.285
21100607,704401.9575
21100608,1083927.87
21100609,1547420.61
21100610,925004.2425
21100611,1692581.3475
21100612,1279956.5625
21100613,1163236.0275
21100614,2765898.54
21100615,1234551.615
21100616,873117.39
21100617,858503.1375
21100618,1490529.87
21100619,628944.7425
21100620,493716.8175
21100621,1827097.3125
21100622,1711767.5475
21100623,1203072.6375
21100624,708658.8975
21100625,1499531.475
21100626,1438089.795
21100627,2865103.7925
21100628,518497.4325
21100629,739810.8975
21100630,165705.645
21100631,813680.9475
21100632,647899.4325
21100633,839607.465
21100634,733807.5
21100635,662618.2125
21100636,173889.2625
21100637,2215653.18
21100638,2281366.29
21100639,4273562.3175
21100640,1437446.4075
21100641,66448.4175
21100642,497295.21
21100643,460362.1725
21100644,790042.86
21100645,963446.685
21100646,1214643.2625
21100647,523719.8325
21100648,871459.8225
21100649,249044.7975
21100650,2280284.385
21100651,617363.1225
21100652,1752440.7975
21100653,379935.75
21100654,1063301.745
21100655,198568.9425
21100656,159241.9725
21100657,886650.615
21100658,1466725.92
21100659,2140771.6575
21100660,1316760.84
21100661,2737477.0875
21100662,1973766.165
21100663,948965.0025
21100664,2166954.6525
21100665,419288.4375
21100666,1571069.9025
21100667,1219068.8175
21100668,2162267.85
21100669,2454275.865
21100670,672783.8925
21100671,117961.5825
21100672,355535.7825
21100673,310824.795
21100674,1140384.8325
21100675,370693.1025
21100676,138645.555
21100677,183975.3825
21100678,2080218.45
21100679,895047.5025
21100680,2096689.725
21100681,581529.72
21100682,757747.395
21100683,1127322.7425
21100684,631051.695
21100685,620555.1375
21100686,498708.165
21100687,1168460.2275
21100688,1318783.1475
21100689,924790.3575
21100690,917862.015
21100691,926464.725
21100692,132148.8975
21100693,689419.95
21100694,635117.6925
21100695,265463.19
21100696,1353840.18
21100697,2922236.8725
21100698,397745.4825
21100699,1969139.76
21100700,254276.28
21100701,682660.4325
21100702,1043529.93
21100703,3496249.0725
21100704,1940010.345
21100705,451286.0475
21100706,1904998.575
21100707,1099048.395
21100708,1980437.5875
21100709,1708387.005
21100710,950172.0075
21100711,1006022.4825
21100712,1374852.885
21100713,2745687.84
21100714,1056084.5475
21100715,4928394.2025
21100716,753894.72
21100717,2688022.6575
21100718,597650.5275
21100719,549558.7125
21100720,948147.2475
21100721,2503235.685
21100722,705752.16
21100723,805287.5625
21100724,1487702.88
21100725,123138.975
21100726,1031548.635
21100727,954317.385
21100728,1127052.9975
21100729,92261.52
21100730,1160917.8225
21100731,232482.735
21100732,927702.285
21100733,174483.525
21100734,1528189.9275
21100735,521609.985
21100736,154377.6975
21100737,1092473.55
21100738,3574392.495
21100739,148675.995
21100740,890354.925
21100741,556473.225
21100742,803596.68
21100743,1901203.9425
21100744,1780595.6475
21100745,3083063.61
21100746,1550032.6725
21100747,183620.265
21100748,1595726.8875
21100749,307888.245
21100750,619124.025
21100751,1194640.9575
21100752,845204.6475
21100753,2391736.305
21100754,2118293.6925
21100755,645705.4275
21100756,1441082.46
21100757,1178231.3775
21100758,1091562.8175
21100759,689291.88
21100760,409578.3675
21100761,773748.195
21100762,2043695.1375
21100763,449433.975
21100764,703352.9025
21100765,581128.7625
21100766,2035793.7
21100767,858334.605
21100768,1902199.3275
21100769,727291.29
21100770,236108.025
21100771,354022.2075
21100772,174599.9175
21100773,1903547.3475
21100774,355986.435
21100775,1202675.7
21100776,2498763.48
21100777,273349.8075
21100778,1474695.09
21100779,979376.595
21100780,652377.3
21100781,1710801.495
21100782,481366.245
21100783,1287774.06
21100784,2176566.5325
21100785,814952.2125
21100786,1480212.0675
21100787,1411138.41
21100788,2748739.3275
21100789,464902.2375
21100790,960290.85
21100791,572109.615
21100792,866289.39
21100793,627527.775
21100794,388129.4925
21100795,1268637.5175
21100796,152539.6725
21100797,795543.1725
21100798,295927.5
21100799,1191422.895
21100800,137797.035
21100801,815819.2725
21100802,207108.225
21100803,1350611.97
21100804,1411801.275
21100805,623232.84
21100806,802961.0175
21100807,465395.1375
21100808,1763679.5175
21100809,934542.69
21100810,1430843.7825
21100811,1493214.2925
21100812,1090666.7025
21100813,692332.695
21100814,270294.4125
21100815,1457742.0675
21100816,519285.1275
21100817,494755.32
21100818,1100093.9925
21100819,954684.57
21100820,1562588.7825
21100821,2866666.3575
21100822,1080598.005
21100823,2805100.155
21100824,1895470.9425
21100825,2399142.3075
21100826,1138003.1625
21100827,1330117.7025
21100828,581246.49
21100829,1121095.83
21100830,1312758.285
21100831,706933.7925
21100832,2187877.2825
21100833,635043.6975
21100834,314841.15
21100835,1402782.6225
21100836,628439.0775
21100837,806410.6425
21100838,718028.9025
21100839,1711304.835
21100840,268443.255
21100841,1571360.9025
21100842,4467592.23
21100843,1155010.86
21100844,2868051.1575
21100845,883606.3125
21100846,865226.7825
21100847,2664927.555
21100848,1620683.9925
21100849,415803.12
21100850,253000.9425
21100851,947142.5475
21100852,1010135.2425
21100853,832070.325
21100854,967722.975
21100855,1212746.0025
21100856,438002.475
21100857,1480810.9725
21100858,1428759.5925
21100859,414996.06
21100860,1170210.2475
21100861,2116826.8125
21100862,2826325.7925
21100863,911399.67
21100864,398059.0875
21100865,886542.4125
21100866,682913.385
21100867,1049925.9975
21100868,314047.4925
21100869,532113.3225
21100870,1748905.8825
21100871,2697952.245
21100872,2214014.355
21100873,514321.9275
21100874,630983.5575
21100875,679703.0025
21100876,3606718.11
21100877,1182362.0475
21100878,1452559.785
21100879,722503.9275
21100880,360549.42
21100881,856413.0
21100882,222580.02
21100883,2179032.135
21100884,420168.96
21100885,954114.8925
21100886,802233.975
21100887,716622.81
21100888,652368.3
21100889,549823.8975
21100890,2658027.6675
21100891,1212883.035
21100892,1428380.805
21100893,348663.6075
21100894,1358961.1425
21100895,1086664.215
21100896,971855.79
21100897,886975.6275
21100898,600610.425
21100899,875695.845
21100900,1382680.005
21100901,2159931.09
21100902,691251.615
21100903,1897000.8975
21100904,606308.1975
21100905,841839.0975
21100906,2452482.1875
21100907,800785.26
21100908,411277.8675
21100909,1272331.2375
21100910,867212.07
21100911,2250547.965
21100912,527541.5475
21100913,704504.49
21100914,1191411.2175
21100915,424542.1875
21100916,1402168.4475
21100917,554082.285
21100918,383464.245
21100919,945710.28
21100920,1449230.4675
21100921,566640.3525
21100922,289250.205
21100923,1048454.955
21100924,413079.93
21100925,1054500.93
21100926,811405.8
21100927,298375.515
21100928,419562.6675
21100929,1145051.7975
21100930,386223.6675
21100931,2077884.3675
21100932,884541.2775
21100933,545731.8975
21100934,627250.5225
21100935,823087.2525
21100936,1140932.265
21100937,1021045.2975
21100938,608935.575
21100939,647269.4175
21100940,672473.535
21100941,1280289.0075
21100942,1118045.85
21100943,280338.1125
21100944,2190875.7075
21100945,1300908.285
21100946,741732.765
21100947,969401.49
21100948,555900.12
21100949,443539.545
21100950,2700493.98
21100951,3266927.1225
21100952,2710173.51
21100953,1045087.665
21100954,1401897.375
21100955,1299625.62
21100956,896439.8325
21100957,398358.8325
21100958,979564.9875
21100959,974513.925
21100960,292136.7975
21100961,2271800.6475
21100962,460733.295
21100963,231400.3125
21100964,2283255.2475
21100965,381962.3925
21100966,393609.15
21100967,1314803.7075
21100968,2036834.0025
21100969,1064568.8625
21100970,80134.1625
21100971,434678.265
21100972,612644.205
21100973,1751846.2875
21100974,1729424.775
21100975,521628.495
21100976,250356.5925
21100977,1705878.615
21100978,2892179.9775
21100979,666795.6075
21100980,2042290.3725
21100981,2742077.61
21100982,372216.315
21100983,1981485.4725
21100984,411849.795
21100985,360043.8375
21100986,2019040.65
21100987,783365.91
21100988,1455483.7575
21100989,1436499.045
21100990,2764951.5975
21100991,418122.1425
21100992,269662.5375
21100993,970332.75
21100994,964111.89
21100995,1974888.105
21100996,1764987.54
21100997,1983662.82
21100998,633598.6125
21100999,2339418.1425
21101000,200537.1975
21101001,1425151.8225
21101002,337006.53
21101003,574222.1625
21101004,752337.2175
21101005,691730.22
21101006,2652754.185
21101007,937598.0925
21101008,81563.6025
21101009,801020.3025
21101010,920478.84
21101011,3029081.4975
21101012,585119.4
21101013,1463866.8
21101014,327015.8325
21101015,1994686.2
21101016,562158.2925
21101017,2800832.3175
21101018,549044.385
21101019,474703.5525
21101020,1709262.705
21101021,2572695.18
21101022,225077.3475
21101023,4544797.65
21101024,942237.135
21101025,1666478.9625
21101026,519603.675
21101027,3711856.2825
21101028,627516.0375
21101029,928395.0825
21101030,374680.605
21101031,761915.43
21101032,667579.83
21101033,503865.45
21101034,398187.285
21101035,2243613.495
21101036,2615790.69
21101037,2472305.505
21101038,669090.0075
21101039,1217822.01
21101040,788259.1125
21101041,1877387.01
21101042,1270252.74
21101043,260361.5475
21101044,804336.03
21101045,777533.4
21101046,2163599.2575
21101047,639117.09
21101048,763207.53
21101049,649415.7675
21101050,458379.6225
21101051,1129814.2575
21101052,298633.665
21101053,2616351.12
21101054,2235407.1375
21101055,1759118.5875
21101056,585090.075
21101057,683188.53
21101058,736474.095
21101059,179901.705
21101060,1024283.4225
21101061,513129.2775
21101062,719357.4375
21101063,446670.15
21101064,398095.4025
21101065,940256.985
21101066,175370.535
21101067,1140036.57
21101068,445024.3875
21101069,528358.4925
21101070,1831176.795
21101071,1932707.9325
21101072,1050878.34
21101073,765344.7225
21101074,702173.13
21101075,522289.2225
21101076,1380661.3875
21101077,2981159.385
21101078,227497.8
21101079,364453.0725
21101080,731390.7075
21101081,1352157.915
21101082,596527.3875
21101083,3549917.0625
21101084,1811379.8775
21101085,2253684.585
21101086,781902.39
21101087,398716.47
21101088,473875.62
21101089,4869917.9325
21101090,1656752.37
21101091,643686.2475
21101092,1507587.6675
21101093,556162.59
21101094,917098.875
21101095,462161.145
21101096,2105175.1275
21101097,99040.485
21101098,4830423.765
21101099,2696330.7225
21101100,781366.245
21101101,755562.6375
21101102,2074028.1825
21101103,797950.9275
21101104,170671.4025
21101105,559491.9375
21101106,1376110.2975
21101107,1677580.2525
21101108,210068.7375
21101109,2511535.5675
21101110,697601.2725
21101111,775298.955
21101112,485169.9825
21101113,428303.1225
21101114,528907.5825
21101115,1002125.6325
21101116,814729.275
21101117,3158629.6125
21101118,1792211.265
21101119,889837.44
21101120,1338862.2
21101121,1084876.4025
21101122,211732.365
21101123,909481.4325
21101124,301663.695
21101125,361113.495
21101126,692014.8975
21101127,1670892.09
21101128,1568591.5275
21101129,435163.2375
21101130,1254154.38
21101131,1744626.9675
21101132,2237807.3625
21101133,2559084.3825
21101134,307195.29
21101135,1557896.4225
21101136,1874002.5525
21101137,786650.5425
21101138,818212.8825
21101139,1264997.61
21101140,620247.8775
21101141,1458565.275
21101142,1468107.0075
21101143,2193634.0725
21101144,311729.43
21101145,1087623.03
21101146,2004179.9025
21101147,427919.07
21101148,1073401.23
21101149,1200170.0925
21101150,1137590.7525
21101151,691197.015
21101152,344252.49
21101153,2588107.245
21101154,354344.79
21101155,400196.3925
21101156,818815.425
21101157,1357620.255
21101158,2667112.725
21101159,1336281.1425
21101160,337322.595
21101161,837158.1375
21101162,320720.88
21101163,391505.175
21101164,437876.4
21101165,743576.0775
21101166,389413.665
21101167,1271798.325
21101168,647829.495
21101169,1879276.545
21101170,1741334.0775
21101171,507097.965
21101172,430169.7825
21101173,1137995.3325
21101174,356548.2525
21101175,97975.0875
21101176,1477970.19
21101177,502278.645
21101178,2434140.795
21101179,506012.025
21101180,2189194.44
21101181,1489843.425
21101182,869111.2725
21101183,2005637.295
21101184,735055.5225
21101185,633293.175
21101186,3006034.695
21101187,2021653.995
21101188,486497.5575
21101189,504398.925
21101190,361085.1225
21101191,2089437.705
21101192,418239.7575
21101193,963135.5325
21101194,1521559.8225
21101195,2529836.655
21101196,1142449.2225
21101197,1246154.13
21101198,3348562.4325
21101199,2393579.6025
21101200,1441176.885
21101201,3165358.59
21101202,172736.1825
21101203,547599.1125
21101204,1157334.405
21101205,1348992.105
21101206,2536139.22
21101207,1382743.9725
21101208,811671.9975
21101209,1072032.12
21101210,2790089.64
21101211,2789868.33
21101212,647787.1275
21101213,827719.11
21101214,2080512.66
21101215,675918.795
21101216,1918356.9525
21101217,1133519.325
21101218,1223838.9525
21101219,2914774.4925
21101220,2216738.805
21101221,2673207.57
21101222,733453.4475
21101223,957915.2175
21101224,1049261.1825
21101225,2454066.495
21101226,415368.0375
21101227,1597775.7825
21101228,806053.1475
21101229,977030.19
21101230,4412254.77
21101231,730460.895
21101232,1217653.965
21101233,1628367.795
21101234,1244189.25
21101235,1330530.285
21101236,1896121.905
21101237,849714.3225
21101238,808379.715
21101239,1550616.7125
21101240,956687.9775
21101241,2119645.2375
21101242,2247486.255
21101243,1425612.7575
21101244,194908.1625
21101245,957325.8675
21101246,1005066.315
21101247,485473.4925
21101248,675040.155
21101249,368443.0275
21101250,960909.8175
21101251,454582.875
21101252,974900.9475
21101253,629573.8875
21101254,2038981.8225
21101255,414244.71
21101256,731849.7
21101257,1057708.215
21101258,724017.675
21101259,328467.7875
21101260,190349.6175
21101261,2716475.61
21101262,615027.015
21101263,1240747.5
21101264,754823.6025
21101265,634116.75
21101266,520396.755
21101267,685856.715
21101268,212104.7325
21101269,431899.125
21101270,1107422.1675
21101271,1225679.0775
21101272,646465.305
21101273,2147041.2675
21101274,2749589.5275
21101275,978652.3125
21101276,215484.2025
21101277,1175954.4825
21101278,272158.71
21101279,1306642.86
21101280,524507.73
21101281,2475248.3325
21101282,1441901.4225
21101283,550370.535
21101284,531249.2175
21101285,1435698.105
21101286,862129.4025
21101287,1903398.0525
21101288,654766.2
21101289,735860.655
21101290,173291.0625
21101291,1729511.13
21101292,1155255.7875
21101293,848781.93
21101294,2603504.175
21101295,940931.9475
21101296,737732.85
21101297,570025.485
21101298,1259519.475
21101299,626180.6925
21101300,105196.1775
21101301,520030.4175
21101302,383642.925
21101303,583427.64
21101304,308817.165
21101305,603500.5425
21101306,935538.045
21101307,549334.95
21101308,1175885.31
21101309,3108753.015
21101310,617541.045
21101311,803683.0875
21101312,718805.6325
21101313,610979.49
21101314,1724836.7175
21101315,1119751.2075
21101316,1741305.3675
21101317,1316983.62
21101318,1655484.9525
21101319,40469.3775
21101320,426276.0525
21101321,1232392.335
21101322,592647.105
21101323,850348.935
21101324,372576.1875
21101325,1362308.565
21101326,2582236.89
21101327,1465110.6375
21101328,1017363.51
21101329,992549.4225
21101330,1923771.48
21101331,538299.18
21101332,205699.215
21101333,1238894.91
21101334,1841583.5175
21101335,1429029.795
21101336,106785.975
21101337,275661.39
21101338,1142882.175
21101339,907697.6325
21101340,1509369.8925
21101341,808039.4925
21101342,366131.8125
21101343,1968081.3
21101344,564661.71
21101345,294317.7675
21101346,374258.4375
21101347,257555.5425
21101348,182970.495
21101349,717735.9675
21101350,2272531.5225
21101351,2221006.5075
21101352,1281621.4125
21101353,2697162.915
21101354,1485540.0375
21101355,3099022.7775
21101356,320048.595
21101357,607850.325
21101358,741955.365
21101359,374750.5575
21101360,1458907.665
21101361,642872.4825
21101362,2252819.2425
21101363,778909.1325
21101364,474793.38
21101365,835647.2925
21101366,898067.5425
21101367,424988.2875
21101368,333306.5475
21101369,372555.945
21101370,1282316.265
21101371,180532.89
21101372,2379689.805
21101373,749141.295
21101374,496297.845
21101375,2465645.16
21101376,1380606.4425
21101377,626319.1575
21101378,1435223.9325
21101379,2010569.0475
21101380,1008949.755
21101381,1158664.7625
21101382,943923.555
21101383,439733.5425
21101384,716249.73
21101385,2115517.86
21101386,128117.325
21101387,718230.7125
21101388,179206.5975
21101389,2365055.5875
21101390,2359933.0575
21101391,1094150.205
21101392,122258.8125
21101393,1109095.935
21101394,2455101.3075
21101395,811224.405
21101396,1438395.045
21101397,209471.01
21101398,172626.27
21101399,2541677.61
21101400,1921821.39
21101401,1128516.0075
21101402,506301.7725
21101403,401219.49
21101404,1851722.3325
21101405,1307043.4725
21101406,773731.455
21101407,835099.9425
21101408,720256.5825
21101409,1330717.1925
21101410,1479101.775
21101411,660035.6625
21101412,493622.67
21101413,1768393.965
21101414,380849.4525
21101415,401324.8275
21101416,1688883.4575
21101417,344947.455
21101418,721560.555
21101419,4318684.125
21101420,1101930.3
21101421,1720413.2175
21101422,630928.17
21101423,271264.5975
21101424,1037816.8575
21101425,275753.46
21101426,1720859.3925
21101427,1114974.4125
21101428,2233735.32
21101429,612525.8325
21101430,889720.47
21101431,663311.265
21101432,991149.825
21101433,942419.2575
21101434,719454.6375
21101435,2195825.4825
21101436,712896.0975
21101437,4890696.7125
21101438,1197199.0275
21101439,225508.4325
21101440,354511.68
21101441,1372263.0525
21101442,818320.1475
21101443,572637.975
21101444,329915.13
21101445,196576.53
21101446,1433933.3325
21101447,361572.7425
21101448,555998.31
21101449,344972.295
21101450,409382.1675
21101451,957659.76
21101452,725487.48
21101453,1566111.4275
21101454,1919894.7225
21101455,521104.995
21101456,622782.585
21101457,1204118.4675
21101458,1403639.925
21101459,1992535.4175
21101460,1101580.1175
21101461,2777411.85
21101462,526811.6025
21101463,388948.935
21101464,253014.69
21101465,428569.23
21101466,1437388.6275
21101467,4228953.9075
21101468,725520.1425
21101469,1826505.315
21101470,2729945.355
21101471,2407046.715
21101472,428527.47
21101473,687644.5725
21101474,408171.9675
21101475,353043.09
21101476,585952.875
21101477,632607.345
21101478,887900.2125
21101479,224846.4
21101480,2048831.1825
21101481,928392.7425
21101482,1486775.55
21101483,4816444.635
21101484,745194.7125
21101485,306684.84
21101486,2262357.9975
21101487,679084.6575
21101488,4180308.645
21101489,1584753.09
21101490,1495300.1025
21101491,668055.945
21101492,373667.49
21101493,5280558.63
21101494,821103.0075
21101495,2209398.7275
21101496,1087667.7375
21101497,3258638.4
21101498,2266214.415
21101499,631921.08
21101500,619439.445
21101501,2018795.175
21101502,453573.09
21101503,1150377.45
21101504,2616903.2775
21101505,143957.7225
21101506,1878598.005
21101507,1052074.1925
21101508,3537774.315
21101509,2446639.005
21101510,540247.7475
21101511,1038041.1975
21101512,124764.09
21101513,506450.4975
21101514,508827.915
21101515,1044641.7975
21101516,621140.6775
21101517,852232.335
21101518,1244033.955
21101519,1844204.0325
21101520,778166.16
21101521,259041.42
21101522,1122829.1625
21101523,697671.57
21101524,761644.2675
21101525,188853.735
21101526,539954.22
21101527,345748.4925
21101528,1647780.1425
21101529,123063.9975
21101530,531218.7825
21101531,880712.8575
21101532,520977.9075
21101533,1540666.305
21101534,1626427.95
21101535,356369.34
21101536,5518484.595
21101537,1016281.635
21101538,1679234.9025
21101539,263560.3575
21101540,999633.09
21101541,628964.4675
21101542,669769.965
21101543,1131754.5225
21101544,1219699.5975
21101545,1933692.4725
21101546,468933.0225
21101547,798898.6725
21101548,626905.32
21101549,2964789.6975
21101550,166462.41
21101551,1321488.54
21101552,2427063.7725
21101553,403777.5825
21101554,308734.8675
21101555,1029333.0525
21101556,437897.6625
21101557,1393903.5675
21101558,277814.55
21101559,895869.4425
21101560,2166571.32
21101561,1101205.92
21101562,688695.1425
21101563,1352990.73
21101564,1804961.1225
21101565,410891.85
21101566,812340.7125
21101567,572791.38
21101568,821968.53
21101569,2020145.49
21101570,1017706.065
21101571,826403.2575
21101572,985664.6625
21101573,599535.2775
21101574,3029443.5225
21101575,1031500.8825
21101576,499910.4525
21101577,695614.2525
21101578,862216.98
21101579,569365.02
21101580,139737.915
21101581,65568.525
21101582,3495596.025
21101583,195219.585
21101584,701366.8425
21101585,315753.5325
21101586,2319389.9175
21101587,699813.99
21101588,2791392.495
21101589,266768.0625
21101590,829719.9375
21101591,1481260.77
21101592,554998.185
21101593,1419980.43
21101594,719065.1775
21101595,213777.93
21101596,500030.82
21101597,2452342.1475
21101598,643741.275
21101599,388015.3125
21101600,264704.4075
21101601,840539.52
21101602,831107.805
21101603,672951.495
21101604,1078190.0175
21101605,591536.4075
21101606,765126.4875
21101607,1043902.485
21101608,2680434.0375
21101609,1694044.965
21101610,415195.1925
21101611,392383.0875
21101612,938285.04
21101613,1345147.86
21101614,458220.6825
21101615,1649410.1475
21101616,2415270.8025
21101617,1664960.07
21101618,607100.8425
21101619,310995.93
21101620,1292229.72
21101621,351841.035
21101622,1101067.035
21101623,1033016.3475
21101624,337114.875
21101625,652338.585
21101626,1066686.87
21101627,1151560.17
21101628,1099178.0625
21101629,1802426.3625
21101630,594810.21
21101631,2043033.495
21101632,382200.375
21101633,535231.44
21101634,720727.125
21101635,150129.2175
21101636,1042544.7075
21101637,252417.1125
21101638,366764.295
21101639,3615376.71
21101640,860073.0825
21101641,1254657.69
21101642,738088.8
21101643,1474161.57
21101644,276813.5625
21101645,2507777.7075
21101646,619262.595
21101647,1507904.1
21101648,1964379.7125
21101649,1669594.74
21101650,848379.2925
21101651,970734.87
21101652,793596.5775
21101653,751516.44
21101654,1069779.1275
21101655,184363.65
21101656,941246.94
21101657,714659.37
21101658,1255075.9575
21101659,759642.1575
21101660,207883.83
21101661,405408.6075
21101662,419230.7925
21101663,1992250.38
21101664,2169639.9375
21101665,2070544.7025
21101666,1704449.6925
21101667,945081.015
21101668,811379.535
21101669,1161458.9175
21101670,1452198.6825
21101671,199442.94
21101672,874972.665
21101673,1613022.825
21101674,838371.015
21101675,1581412.62
21101676,211938.8775
21101677,250289.1675
21101678,1057504.995
21101679,992938.515
21101680,2659550.2725
21101681,1169309.1075
21101682,611339.6325
21101683,1752769.7475
21101684,1789664.9625
21101685,211968.6225
21101686,652965.285
21101687,373112.4225
21101688,782625.84
21101689,173507.4375
21101690,370163.235
21101691,1819582.62
21101692,1014970.53
21101693,613200.48
21101694,385702.875
21101695,4687555.275
21101696,855399.6975
21101697,86533.83
21101698,1248325.29
21101699,725540.055
21101700,675401.8125
21101701,156675.4425
21101702,748037.085
21101703,924369.5475
21101704,3024302.475
21101705,240898.7475
21101706,3100477.7025
21101707,682451.175
21101708,2224796.58
21101709,464734.86
21101710,882176.805
21101711,801553.47
21101712,645626.4225
21101713,1957960.17
21101714,408233.7825
21101715,171664.4175
21101716,267954.39
21101717,833897.745
21101718,446573.79
21101719,1548872.79
21101720,542847.705
21101721,314377.6425
21101722,1937543.8725
21101723,534667.815
21101724,1820184.1725
21101725,415992.615
21101726,760385.3475
21101727,866968.5675
21101728,325488.8475
21101729,1631741.97
21101730,588075.9825
21101731,950017.8525
21101732,1140673.005
21101733,1449677.4525
21101734,1751207.4525
21101735,331381.5975
21101736,713529.7725
21101737,1904456.9325
21101738,2277779.82
21101739,634138.47
21101740,778873.4775
21101741,1425781.2225
21101742,1299122.61
21101743,734395.2
21101744,1364149.575
21101745,2988168.9
21101746,1129426.875
21101747,966862.0875
21101748,844463.7825
21101749,239819.22
21101750,253535.9775
21101751,718888.485
21101752,1351283.94
21101753,152656.365
21101754,1641745.4325
21101755,509326.7775
21101756,1853629.53
21101757,272949.8325
21101758,228516.375
21101759,1344277.605
21101760,827969.625
21101761,1251655.7475
21101762,357774.36
21101763,810055.5375
21101764,753178.785
21101765,619608.675
21101766,2470444.335
21101767,1264689.54
21101768,1025361.045
21101769,617604.45
21101770,358736.8875
21101771,853577.7075
21101772,2740877.85
21101773,801375.5325
21101774,2503134.075
21101775,362202.78
21101776,484319.76
21101777,262359.705
21101778,1687305.3375
21101779,1558930.3425
21101780,666547.0725
21101781,475109.445
21101782,616816.26
21101783,404423.565
21101784,287824.2075
21101785,2188818.525
21101786,272183.7675
21101787,962109.195
21101788,334319.5275
21101789,1420805.9925
21101790,766990.8975
21101791,828725.925
21101792,1920755.1825
21101793,532305.1275
21101794,796154.2725
21101795,3887377.4625
21101796,1727930.1225
21101797,900244.59
21101798,242327.7525
21101799,2258746.0425
21101800,679327.71
21101801,1202881.95
21101802,722845.9275
21101803,878961.99
21101804,1436196.8475
21101805,826842.87
21101806,1295219.61
21101807,1777547.13
21101808,1400112.8025
21101809,1116005.8425
21101810,57588.3525
21101811,313947.0225
21101812,123521.3925
21101813,174319.995
21101814,265304.9025
21101815,620303.25
21101816,721384.2225
21101817,1196451.435
21101818,595642.275
21101819,706052.955
21101820,892209.4425
21101821,2046858.4125
21101822,1472458.0125
21101823,2684304.285
21101824,2701617.78
21101825,1701213.825
21101826,1827692.1375
21101827,1975193.805
21101828,1247255.565
21101829,1273124.3925
21101830,2766548.6775
21101831,320311.77
21101832,479490.6975
21101833,790063.77
21101834,2150842.1325
21101835,1357920.0825
21101836,523688.82
21101837,1777048.05
21101838,788776.29
21101839,331651.5825
21101840,507019.5825
21101841,699222.63
21101842,475857.615
21101843,665159.385
21101844,638687.8725
21101845,398072.07
21101846,524032.1775
21101847,412651.665
21101848,1726062.39
21101849,370837.5975
21101850,1017871.47
21101851,632024.8275
21101852,1232765.535
21101853,682449.03
21101854,813233.355
21101855,547172.5125
21101856,1203865.9275
21101857,321144.3825
21101858,210986.505
21101859,1116393.1425
21101860,379353.4125
21101861,2513030.4225
21101862,1445016.36
21101863,352025.055
21101864,439680.39
21101865,991027.05
21101866,428370.885
21101867,384009.9075
21101868,281723.295
21101869,3222779.535
21101870,1596554.3775
21101871,388609.485
21101872,929618.235
21101873,1986476.175
21101874,638387.7675
21101875,623714.4075
21101876,1028166.39
21101877,1719940.74
21101878,249606.945
21101879,1174484.25
21101880,275433.21
21101881,715506.915
21101882,581649.7575
21101883,1068904.53
21101884,1705251.255
21101885,350189.85
21101886,1283953.8225
21101887,873389.505
21101888,326702.79
21101889,2339906.025
21101890,1451508.3375
21101891,127260.2325
21101892,430535.5425
21101893,367590.0075
21101894,1119469.785
21101895,1336822.3125
21101896,363138.8775
21101897,370892.055
21101898,162560.055
21101899,638142.72
21101900,1669382.055
21101901,3190677.3
21101902,520641.63
21101903,607215.69
21101904,387098.9475
21101905,490895.895
21101906,2725199.16
21101907,534686.2725
21101908,707883.225
21101909,1142166.4125
21101910,653774.31
21101911,1423275.6075
21101912,1353542.01
21101913,920664.0825
21101914,360575.61
21101915,1117220.1225
21101916,2346764.025
21101917,706016.835
21101918,1013291.0775
21101919,447462.3
21101920,383061.4575
21101921,811639.8075
21101922,248894.325
21101923,1264413.6375
21101924,1581205.4925
21101925,1295211.825
21101926,226945.845
21101927,884679.24
21101928,285342.21
21101929,1106207.97
21101930,2543827.695
21101931,2105637.075
21101932,658584.8475
21101933,1233966.3675
21101934,2685304.08
21101935,1185499.7925
21101936,3008837.7525
21101937,528931.4625
21101938,1954184.9175
21101939,2223944.5725
21101940,278362.3725
21101941,347294.6775
21101942,2130714.24
21101943,2033527.3425
21101944,683812.2675
21101945,1740114.1425
21101946,2640597.525
21101947,639617.4825
21101948,221336.16
21101949,1295240.715
21101950,2331374.8575
21101951,995131.8975
21101952,201643.905
21101953,392657.0325
21101954,569296.755
21101955,615526.83
21101956,465952.5
21101957,1018702.8675
21101958,2754229.155
21101959,2091777.51
21101960,420142.425
21101961,1237307.6925
21101962,338557.2
21101963,1257900.9075
21101964,159631.41
21101965,1155921.315
21101966,794651.1075
21101967,1057734.9525
21101968,1076123.835
21101969,126322.3425
21101970,325584.615
21101971,213344.79
21101972,433072.7475
21101973,849707.8425
21101974,90317.025
21101975,174119.4
21101976,159362.1075
21101977,1556988.1725
21101978,2797107.78
21101979,1872320.9775
21101980,246950.1525
21101981,616154.2725
21101982,607633.065
21101983,1060946.1375
21101984,823039.125
21101985,523621.425
21101986,283166.7
21101987,257812.5375
21101988,649280.61
21101989,429342.9075
21101990,1300405.2675
21101991,1181341.83
21101992,1334011.8975
21101993,914325.465
21101994,1324718.1375
21101995,60097.53
21101996,345322.8825
21101997,1442299.125
21101998,660312.345
21101999,1603870.9575
21102000,358161.3675
21102001,993382.26
21102002,930648.795
21102003,142559.595
21102004,255317.67
21102005,504594.69
21102006,159921.3075
21102007,1382007.4125
21102008,2670074.7975
21102009,2780810.34
21102010,1324518.0
21102011,137687.685
21102012,639163.1475
21102013,596574.5625
21102014,470451.54
21102015,843469.545
21102016,2178562.8
21102017,1044051.0975
21102018,582018.405
21102019,737729.3025
21102020,418200.435
21102021,335173.0875
21102022,128138.4675
21102023,2110751.0325
21102024,1984191.57
21102025,1433874.6375
21102026,1238203.5975
21102027,1507512.8175
21102028,1762166.025
21102029,1332410.7825
21102030,829926.27
21102031,1224675.57
21102032,472920.78
21102033,665104.5975
21102034,264552.6675
21102035,1047032.13
21102036,749798.0625
21102037,1047374.61
21102038,1135734.7425
21102039,448598.2275
21102040,379090.8975
21102041,124801.1175
21102042,2079188.055
21102043,1167667.2675
21102044,3601830.705
21102045,1712643.15
21102046,1415890.23
21102047,800883.3525
21102048,1296705.7725
21102049,1212854.625
21102050,2049292.065
21102051,153196.8975
21102052,1529850.27
21102053,1449655.9275
21102054,819822.51
21102055,318298.29
21102056,956747.8125
21102057,1184675.355
21102058,1232153.19
21102059,220423.38
21102060,366227.55
21102061,744559.635
21102062,1005274.1175
21102063,344012.0925
21102064,985141.0425
21102065,408443.4
21102066,1842177.5775
21102067,1513410.99
21102068,2397457.815
21102069,2067368.3775
21102070,3108704.31
21102071,438940.6725
21102072,431103.795
21102073,1238061.5175
21102074,780088.125
21102075,1729109.085
21102076,869375.8875
21102077,577878.5625
21102078,487179.7575
21102079,164046.0975
21102080,417733.8225
21102081,1314641.025
21102082,521950.1775
21102083,2108257.755
21102084,619305.9225
21102085,786607.155
21102086,1119180.81
21102087,592906.605
21102088,914788.725
21102089,858339.15
21102090,198743.49
21102091,183389.1
21102092,909716.9325
21102093,1515195.975
21102094,1414999.3875
21102095,1774088.715
21102096,897735.18
21102097,733243.545
21102098,804507.12
21102099,761479.4775
21102100,724177.2675
21102101,902348.4975
21102102,2744273.325
21102103,726976.53
21102104,586119.435
21102105,1555603.68
21102106,394980.66
21102107,1841715.2175
21102108,153168.8025
21102109,1449277.32
21102110,305993.25
21102111,235517.565
21102112,596212.8525
21102113,930557.4675
21102114,2046786.66
21102115,1335477.9075
21102116,1655610.045
21102117,2408097.7275
21102118,2094660.3225
21102119,2163956.715
21102120,2404192.1025
21102121,1638949.7625
21102122,1330920.3
21102123,868546.23
21102124,1054288.83
21102125,370153.62
21102126,2647184.085
21102127,528390.9225
21102128,2967966.3075
21102129,50313.03
21102130,171282.5325
21102131,2090079.135
21102132,644306.0775
21102133,574086.75
21102134,1301345.85
21102135,1611967.8225
21102136,183392.8425
21102137,1172083.8075
21102138,694040.4525
21102139,339189.15
21102140,308531.34
21102141,562707.8325
21102142,609744.555
21102143,2676535.59
21102144,410166.885
21102145,1452430.41
21102146,413769.645
21102147,1395577.2075
21102148,582710.9025
21102149,516618.8775
21102150,384108.7275
21102151,2452667.91
21102152,675910.6725
21102153,962481.465
21102154,1540555.38
21102155,384833.07
21102156,1950920.8875
21102157,674709.2325
21102158,1054070.88
21102159,1225435.2975
21102160,853963.65
21102161,617699.3925
21102162,1389504.8925
21102163,750030.2025
21102164,1368041.475
21102165,820186.845
21102166,1544684.6475
21102167,2290785.1125
21102168,1723180.2225
21102169,1724808.885
21102170,948236.9475
21102171,1138081.9575
21102172,141480.57
21102173,721036.575
21102174,564205.7325
21102175,430174.1175
21102176,2614104.5625
21102177,703091.04
21102178,446511.1875
21102179,577869.8925
21102180,496889.1525
21102181,2785652.7075
21102182,442000.845
21102183,1430610.7275
21102184,631313.7225
21102185,1918923.465
21102186,1271678.8425
21102187,1645734.8625
21102188,1121056.8225
21102189,164874.36
21102190,1345950.3525
21102191,729252.6825
21102192,610325.175
21102193,403711.815
21102194,355392.7725
21102195,966364.1625
21102196,1183274.4075
21102197,1227456.7125
21102198,2198847.9075
21102199,938267.7
21102200,1868529.2175
21102201,846945.6
21102202,2109809.745
21102203,236346.525
21102204,1128574.2375
21102205,945560.3475
21102206,521233.0725
21102207,454723.3275
21102208,1845414.255
21102209,285464.97
21102210,834804.69
21102211,2410523.325
21102212,1648919.2725
21102213,2338823.9475
21102214,1202515.9275
21102215,1101321.66
21102216,1199599.4175
21102217,932977.0875
21102218,908047.755
21102219,769272.15
21102220,715646.025
21102221,123454.0425
21102222,155856.42
21102223,979443.39
21102224,2058246.0375
21102225,406145.7225
21102226,741482.445
21102227,242635.41
21102228,2628810.96
21102229,324128.8575
21102230,2192078.01
21102231,2279230.995
21102232,995059.83
21102233,2217794.0625
21102234,441408.7875
21102235,1001489.8425
21102236,1860612.165
21102237,1040653.8975
21102238,1410040.6275
21102239,1893863.22
21102240,1848338.8575
21102241,3824706.51
21102242,2584224.0
21102243,775245.1425
21102244,281364.93
21102245,1859600.055
21102246,702008.805
21102247,739220.955
21102248,3940829.0025
21102249,1723180.2225
21102250,2724330.165
21102251,772376.7975
21102252,1111841.61
21102253,1539384.4575
21102254,1047946.02
21102255,1358381.6625
21102256,2981168.0175
21102257,2494523.0175
21102258,279994.785
21102259,1194174.2475
21102260,1111588.035
21102261,1901742.21
21102262,1810820.49
21102263,1258746.69
21102264,846829.395
21102265,802620.3675
21102266,936281.07
21102267,692668.77
21102268,424379.625
21102269,211714.4325
21102270,694223.55
21102271,238624.6875
21102272,1919851.6275
21102273,686199.6825
21102274,878403.9
21102275,1327741.185
21102276,308843.7675
21102277,2106084.6975
21102278,195363.0675
21102279,591375.345
21102280,979763.4075
21102281,1855268.0925
21102282,2563624.9125
21102283,651533.58
21102284,2029104.9075
21102285,383340.345
21102286,906496.905
21102287,622434.84
21102288,1781025.09
21102289,2438962.17
21102290,640570.4625
21102291,698560.785
21102292,805506.195
21102293,203291.5425
21102294,432579.3075
21102295,588019.86
21102296,954316.35
21102297,1699316.865
21102298,515292.615
21102299,290475.0825
21102300,589323.3675
21102301,1739848.275
21102302,863758.1475
21102303,424197.75
21102304,1108730.4075
21102305,2193679.47
21102306,403441.7175
21102307,349677.6375
21102308,459760.74
21102309,415798.6425
21102310,1320840.06
21102311,533625.7875
21102312,261230.0025
21102313,547397.7375
21102314,473968.785
21102315,1368500.2875
21102316,1464972.315
21102317,2303961.735
21102318,2670316.605
21102319,1001590.3875
21102320,75424.1625
21102321,246770.1225
21102322,306110.5125
21102323,1096293.42
21102324,153332.5575
21102325,1009521.9825
21102326,672165.105
21102327,390712.8825
21102328,818574.405
21102329,2447241.3375
21102330,583808.0325
21102331,2730467.115
21102332,1224323.7975
21102333,929348.7975
21102334,1093128.9675
21102335,1065200.25
21102336,974981.7975
21102337,1712118.6975
21102338,1344749.145
21102339,935124.8475
21102340,375295.7175
21102341,1039889.3025
21102342,479186.9025
21102343,2119103.9625
21102344,575200.92
21102345,1114217.5875
21102346,184188.24
21102347,964586.8275
21102348,1090274.34
21102349,1289654.4375
21102350,143784.6825
21102351,2722219.8225
21102352,262785.36
21102353,2146251.045
21102354,121839.315
21102355,1352619.165
21102356,652043.7
21102357,1283980.5375
21102358,417703.815
21102359,719511.3375
21102360,260460.8325
21102361,2871188.7525
21102362,2707048.6575
21102363,1130696.6175
21102364,621703.395
21102365,794996.2575
21102366,938500.9725
21102367,1880279.325
21102368,941028.3375
21102369,1603766.0625
21102370,1581210.3675
21102371,836080.5525
21102372,1165042.785
21102373,697536.9
21102374,434030.73
21102375,1114643.5575
21102376,652954.74
21102377,633813.735
21102378,119903.6325
21102379,2192074.485
21102380,694014.5625
21102381,524782.095
21102382,494519.31
21102383,309252.945
21102384,1950509.43
21102385,485105.2425
21102386,605599.965
21102387,298510.26
21102388,2054069.595
21102389,1178571.3
21102390,1170414.6825
21102391,158291.4975
21102392,382356.63
21102393,2472821.9175
21102394,1498874.49
21102395,244969.35
21102396,820641.78
21102397,1199504.52
21102398,1585273.995
21102399,1556206.2825
21102400,1711962.255
21102401,1147691.22
21102402,778992.9375
21102403,161075.175
21102404,908890.065
21102405,1156752.5325
21102406,249071.1525
21102407,1195781.7675
21102408,696313.425
21102409,2578014.315
21102410,1205342.7075
21102411,833343.3225
21102412,466680.3975
21102413,623929.425
21102414,491827.83
21102415,422238.39
21102416,493768.7775
21102417,537720.5625
21102418,1111122.8025
21102419,728627.9325
21102420,1053006.45
21102421,407531.3625
21102422,290023.125
21102423,2139745.8525
21102424,1228027.7175
21102425,465248.085
21102426,1708522.5675
21102427,2407742.79
21102428,3369122.3475
21102429,1620727.665
21102430,1272602.55
21102431,350732.865
21102432,961700.655
21102433,306370.3875
21102434,930899.205
21102435,415924.785
21102436,611039.52
21102437,226248.2025
21102438,559111.38
21102439,1975368.6225
21102440,1121786.13
21102441,678328.455
21102442,1140443.625
21102443,670640.895
21102444,716234.31
21102445,1272511.035
21102446,617349.6075
21102447,1731436.3125
21102448,324348.8925
21102449,1007863.7175
21102450,707844.885
21102451,462406.0725
21102452,1454856.1725
21102453,1974949.5975
21102454,1795903.1925
21102455,986666.535
21102456,2673736.9875
21102457,789170.3925
21102458,279678.06
21102459,922823.415
21102460,1880203.95
21102461,928924.695
21102462,1042284.66
21102463,782031.525
21102464,119979.915
21102465,411124.5225
21102466,483992.175
21102467,460523.8125
21102468,364280.79
21102469,608527.2225
21102470,112292.865
21102471,2408926.65
21102472,412607.925
21102473,1553300.5725
21102474,237393.7575
21102475,617816.9625
21102476,2716559.37
21102477,613633.1175
21102478,1066005.93
21102479,962135.46
21102480,1243253.025
21102481,375328.5075
21102482,423472.02
21102483,2102357.2725
21102484,1302955.7625
21102485,512849.1375
21102486,1919680.11
21102487,3718855.14
21102488,1224879.2625
21102489,646587.3675
21102490,817352.5425
21102491,528803.835
21102492,151347.2625
21102493,591645.915
21102494,4691870.88
21102495,848153.28
21102496,901838.0175
21102497,733753.455
21102498,945675.15
21102499,911722.0425
21102500,827336.2125
21102501,211296.9825
21102502,175304.28
21102503,868118.685
21102504,1249948.2675
21102505,779386.6575
21102506,1898717.07
21102507,2295648.36
21102508,1003884.435
21102509,429067.2375
21102510,929276.175
21102511,876662.7225
21102512,1002160.7325
21102513,937818.1725
21102514,1775265.045
21102515,2882995.8225
21102516,2255885.58
21102517,262616.3025
21102518,718891.425
21102519,2369992.035
21102520,1769354.1225
21102521,1112530.215
21102522,251914.575
21102523,390095.6175
21102524,1379658.3375
21102525,1741555.185
21102526,1090681.2525
21102527,509432.4075
21102528,721298.16
21102529,1699802.76
21102530,346280.6775
21102531,1594168.815
21102532,1060135.125
21102533,456079.5375
21102534,1133828.1225
21102535,858543.75
21102536,129749.4675
21102537,1015313.7225
21102538,1194631.38
21102539,435977.6625
21102540,1501466.5275
21102541,952778.9025
21102542,373718.4675
21102543,581795.805
21102544,1824107.3175
21102545,1441268.8275
21102546,949749.81
21102547,519971.0475
21102548,564689.8275
21102549,1322796.525
21102550,868711.4625
21102551,449446.0425
21102552,2129489.295
21102553,1016642.7225
21102554,1109727.5175
21102555,676099.11
21102556,711513.9825
21102557,272531.925
21102558,1615285.0575
21102559,353100.7125
21102560,1669405.5675
21102561,444718.7475
21102562,434968.2375
21102563,1420250.5875
21102564,1711300.53
21102565,1326601.9125
21102566,818795.025
21102567,792139.815
21102568,702336.7725
21102569,710816.7525
21102570,1081280.01
21102571,1500262.0125
21102572,2417759.5725
21102573,1602420.195
21102574,304839.57
21102575,1456517.04
21102576,443113.68
21102577,751103.82
21102578,387288.4125
21102579,547322.3775
21102580,95932.8375
21102581,190865.1525
21102582,412794.9225
21102583,705997.35
21102584,129127.3425
21102585,1248254.58
21102586,473045.625
21102587,1008190.8975
21102588,1537336.8825
21102589,1069199.6325
21102590,1039370.04
21102591,627733.065
21102592,1039850.115
21102593,598983.3075
21102594,1081576.4325
21102595,1176706.785
21102596,1014446.955
21102597,781770.87
21102598,687054.6225
21102599,879004.3725
21102600,282439.935
21102601,336399.5325
21102602,980063.55
21102603,680524.1025
21102604,1336488.4725
21102605,990808.83
21102606,953321.505
21102607,603842.7525
21102608,1354284.9675
21102609,1259392.575
21102610,926870.4525
21102611,933029.925
21102612,946418.91
21102613,626177.0175
21102614,2311851.7275
21102615,2054294.73
21102616,2686042.0425
21102617,1082694.855
21102618,624829.8
21102619,84935.37
21102620,442446.7875
21102621,2319724.3125
21102622,906180.405
21102623,2100949.515
21102624,443792.76
21102625,839483.115
21102626,1108803.915
21102627,654185.97
21102628,3702331.305
21102629,1866333.1425
21102630,700515.42
21102631,783043.0275
21102632,383831.865
21102633,1612133.9775
21102634,1056150.36
21102635,168618.7275
21102636,2877134.3925
21102637,701646.615
21102638,2465139.51
21102639,1985974.3125
21102640,518792.76
21102641,1424991.405
21102642,167605.71
21102643,354316.1025
21102644,2095386.4725
21102645,1134813.6525
21102646,2835311.43
21102647,961067.34
21102648,677806.2525
21102649,592699.2525
21102650,475045.53
21102651,298709.3925
21102652,1401057.2325
21102653,2024930.4525
21102654,3196985.79
21102655,1981727.0325
21102656,740707.53
21102657,451104.2175
21102658,217414.5825
21102659,2607221.595
21102660,247173.4125
21102661,152219.61
21102662,2734317.285
21102663,961342.5375
21102664,841513.3575
21102665,1495036.5525
21102666,794524.6725
21102667,1096054.635
21102668,919249.305
21102669,187014.87
21102670,1020689.475
21102671,1030479.0675
21102672,1539185.925
21102673,679873.89
21102674,1506821.67
21102675,2684534.01
21102676,2351022.045
21102677,257048.73
21102678,260183.94
21102679,990716.7825
21102680,1781534.415
21102681,145943.115
21102682,402547.785
21102683,505369.3575
21102684,424423.4025
21102685,1323876.6075
21102686,2084993.1375
21102687,1636528.1325
21102688,2679185.055
21102689,1349300.985
21102690,505864.4775
21102691,283607.6325
21102692,1168780.6425
21102693,1075945.6275
21102694,1920050.19
21102695,387483.75
21102696,869274.8625
21102697,867554.1825
21102698,1767144.795
21102699,1475010.585
21102700,671774.0775
21102701,1023333.5325
21102702,1700359.98
21102703,712706.04
21102704,242905.365
21102705,886000.0725
21102706,553460.9175
21102707,1621513.2
21102708,436378.35
21102709,1942515.0675
21102710,1786732.5675
21102711,497745.4875
21102712,2034490.1925
21102713,1734386.0925
21102714,807898.0875
21102715,319800.1725
21102716,127678.9125
21102717,2135256.3375
21102718,591335.88
21102719,524704.4325
21102720,1221615.6075
21102721,745055.565
21102722,1748915.565
21102723,623921.2275
21102724,97919.1975
21102725,709724.6625
21102726,1226898.39
21102727,329547.63
21102728,378987.765
21102729,600086.1225
21102730,1335799.1475
21102731,627276.3375
21102732,475445.16
21102733,3116317.905
21102734,265611.405
21102735,1543047.6975
21102736,2122451.16
21102737,1300869.84
21102738,484592.2725
21102739,147679.3125
21102740,155232.7425
21102741,4792449.0675
21102742,1281082.86
21102743,1460272.695
21102744,596442.57
21102745,1589972.94
21102746,984811.185
21102747,145054.2075
21102748,1182746.9175
21102749,1682190.36
21102750,90589.2675
21102751,280848.54
21102752,373469.175
21102753,262686.3525
21102754,906395.4675
21102755,942175.5975
21102756,179702.58
21102757,400540.6275
21102758,4815106.7925
21102759,355198.9875
21102760,596420.6925
21102761,915645.9
21102762,1007132.9925
21102763,358082.325
21102764,434379.015
21102765,2107624.995
21102766,309845.61
21102767,632786.4825
21102768,978135.57
21102769,1244724.1275
21102770,1180970.67
21102771,437516.7225
21102772,1005496.8975
21102773,1072261.7175
21102774,453189.9075
21102775,145344.1575
21102776,2926590.735
21102777,258190.2
21102778,1695696.5625
21102779,1420105.17
21102780,710611.29
21102781,2723690.73
21102782,2156285.8275
21102783,734512.4625
21102784,1039750.08
21102785,155649.885
21102786,722535.0
21102787,804622.4775
21102788,301127.9925
21102789,3013225.155
21102790,4712415.5175
21102791,1011450.12
21102792,648327.57
21102793,1028778.69
21102794,1855716.5925
21102795,204281.76
21102796,721961.2125
21102797,203093.085
21102798,891157.0425
21102799,1447882.755
21102800,1244672.3775
21102801,2645355.7425
21102802,1110429.9225
21102803,676993.23
21102804,204749.52
21102805,443922.465
21102806,1325835.6075
21102807,686849.97
21102808,686577.27
21102809,967109.175
21102810,1117959.8625
21102811,1004492.715
21102812,175264.275
21102813,1108552.4625
21102814,1675472.7075
21102815,1592323.62
21102816,1138582.815
21102817,880030.905
21102818,378232.8675
21102819,1568223.915
21102820,1560781.8375
21102821,311202.12
21102822,787969.4325
21102823,1367929.185
21102824,70540.1775
21102825,561471.855
21102826,389353.95
21102827,152881.23
21102828,711821.7675
21102829,464585.7
21102830,1552823.355
21102831,655411.8225
21102832,413269.1325
21102833,555539.8875
21102834,616373.8275
21102835,1183332.435
21102836,2141171.9025
21102837,1519276.56
21102838,646451.3775
21102839,641326.7475
21102840,86341.14
21102841,888685.455
21102842,135210.975
21102843,573661.77
21102844,1587500.88
21102845,2229800.985
21102846,2891562.4575
21102847,1560189.2475
21102848,595944.09
21102849,660966.0675
21102850,663001.77
21102851,197042.76
21102852,1873408.3425
21102853,580719.9675
21102854,2715995.265
21102855,969015.945
21102856,2062523.715
21102857,2670107.5875
21102858,348103.755
21102859,1236350.2425
21102860,136401.075
21102861,1445681.3475
21102862,2797472.385
21102863,2811152.8875
21102864,747382.365
21102865,921305.565
21102866,1380933.45
21102867,469925.19
21102868,647274.8025
21102869,647658.135
21102870,2035161.8325
21102871,369087.315
21102872,726721.53
21102873,261685.875
21102874,436741.74
21102875,827347.77
21102876,249071.8875
21102877,362622.9225
21102878,1169008.6275
21102879,729025.14
21102880,494710.4175
21102881,1316658.6525
21102882,748529.5425
21102883,234063.195
21102884,1828774.305
21102885,1825170.2775
21102886,2036308.5375
21102887,473028.8925
21102888,886347.195
21102889,288455.865
21102890,2601777.09
21102891,141197.5875
21102892,628345.11
21102893,1129586.3025
21102894,788711.1
21102895,419486.2425
21102896,2286680.9325
21102897,1657434.51
21102898,2192192.7975
21102899,918927.45
21102900,396251.6175
21102901,1559053.32
21102902,418374.105
21102903,421859.3325
21102904,525034.2825
21102905,572287.44
21102906,1836179.0325
21102907,2008258.755
21102908,502355.16
21102909,710740.02
21102910,998936.565
21102911,322480.785
21102912,341843.16
21102913,252459.255
21102914,767973.57
21102915,464024.49
21102916,633049.005
21102917,667924.68
21102918,234025.68
21102919,250256.94
21102920,1469473.11
21102921,303470.895
21102922,1260980.7225
21102923,401595.81
21102924,733100.805
21102925,1149000.8175
21102926,1957256.55
21102927,437480.2875
21102928,778953.015
21102929,516105.7725
21102930,2346558.7275
21102931,1835868.705
21102932,204516.0525
21102933,2644415.4525
21102934,1367805.585
21102935,1317831.57
21102936,373183.6575
21102937,914514.7275
21102938,1162178.265
21102939,599706.0
21102940,588329.25
21102941,275219.3925
21102942,302463.5625
21102943,344790.9525
21102944,912321.375
21102945,146466.2925
21102946,1166142.9825
21102947,503363.145
21102948,1632292.335
21102949,1178801.865
21102950,2100944.5575
21102951,915655.395
21102952,360290.925
21102953,665748.6375
21102954,676473.045
21102955,721219.7475
21102956,441236.655
21102957,473209.335
21102958,362433.4275
21102959,2387735.79
21102960,558823.5525
21102961,151574.82
21102962,706852.5675
21102963,909177.5325
21102964,1488219.6225
21102965,611211.0
21102966,1696331.775
21102967,313584.885
21102968,5357654.175
21102969,1413374.46
21102970,232031.55
21102971,2397757.3575
21102972,3426431.505
21102973,354975.1725
21102974,156343.26
21102975,212957.9325
21102976,1706348.49
21102977,851859.2175
21102978,2549020.05
21102979,743747.9325
21102980,1171687.875
21102981,369919.5075
21102982,1641120.255
21102983,688286.385
21102984,738659.0475
21102985,1535628.3525
21102986,496728.2325
21102987,447683.7675
21102988,1756821.8475
21102989,422899.5975
21102990,1204818.6975
21102991,1422598.8675
21102992,1073181.66
21102993,1735600.8375
21102994,645675.66
21102995,622505.715
21102996,1732699.62
21102997,1767868.59
21102998,233105.28
21102999,1542437.9475
21103000,574811.2275
21103001,841070.4375
21103002,2124455.5425
21103003,2451908.4525
21103004,936195.78
21103005,526384.7625
21103006,828488.7675
21103007,2120783.64
21103008,978725.2275
21103009,523166.3325
21103010,2145025.035
21103011,450013.6275
21103012,344183.6325
21103013,802532.3475
21103014,1057321.8975
21103015,1177536.435
21103016,1653481.1025
21103017,459594.2325
21103018,3676605.66
21103019,1390323.36
21103020,904284.225
21103021,2756773.0125
21103022,699868.32
21103023,1393745.295
21103024,1718543.07
21103025,546802.3875
21103026,1317348.6375
21103027,1338073.2525
21103028,2034214.905
21103029,2103981.1425
21103030,3076482.9975
21103031,1372947.405
21103032,313486.0125
21103033,617752.1475
21103034,334232.0475
21103035,855047.76
21103036,605026.44
21103037,1433946.3525
21103038,498822.8925
21103039,338289.675
21103040,656031.465
21103041,1072390.7475
21103042,3129751.245
21103043,851698.935
21103044,384716.0325
21103045,3516483.0525
21103046,622215.3525
21103047,1283018.4375
21103048,587473.62
21103049,1407557.745
21103050,661076.025
21103051,560916.675
21103052,652091.07
21103053,436767.6825
21103054,3002281.02
21103055,353186.805
21103056,1365424.725
21103057,655955.04
21103058,1047257.5425
21103059,862890.4875
21103060,868493.8575
21103061,2013131.2125
21103062,354201.6
21103063,2641895.625
21103064,547457.82
21103065,2788070.58
21103066,2485025.955
21103067,711296.9925
21103068,1100985.3675
21103069,1378830.9525
21103070,857754.54
21103071,276990.8175
21103072,634034.955
21103073,460184.8425
21103074,2012252.01
21103075,499633.02
21103076,948085.0275
21103077,213184.0125
21103078,2221166.4525
21103079,2744211.735
21103080,913368.7725
21103081,278762.295
21103082,378250.545
21103083,3199802.73
21103084,1419526.4775
21103085,2217751.1325
21103086,834209.925
21103087,3003517.8525
21103088,1542502.4025
21103089,368808.495
21103090,997492.8
21103091,95909.9925
21103092,973941.5025
21103093,862783.4475
21103094,2399492.1225
21103095,1140099.24
21103096,2501984.775
21103097,602367.3375
21103098,701197.44
21103099,682096.7925
21103100,2006559.4425
21103101,1217820.615
21103102,2918749.17
21103103,1217944.95
21103104,839317.245
21103105,824764.515
21103106,837369.6075
21103107,802393.47
21103108,3164455.3875
21103109,970044.3
21103110,1768569.9075
21103111,2991592.8075
21103112,928574.61
21103113,1000898.8875
21103114,866341.5
21103115,892806.7125
21103116,1174355.895
21103117,655231.5825
21103118,874509.2175
21103119,721257.63
21103120,678111.7125
21103121,287341.2975
21103122,154575.225
21103123,1014269.715
21103124,1610569.71
21103125,826813.7625
21103126,248655.105
21103127,365113.74
21103128,3142958.82
21103129,529032.375
21103130,1803507.195
21103131,1760174.9175
21103132,130138.08
21103133,568973.19
21103134,774873.0675
21103135,729454.65
21103136,864101.2425
21103137,439176.195
21103138,399914.8875
21103139,3186577.605
21103140,1083510.5625
21103141,1545133.1175
21103142,2071331.865
21103143,1833389.385
21103144,1699858.815
21103145,4843731.285
21103146,747741.4875
21103147,859599.15
21103148,1338027.8325
21103149,3691250.34
21103150,251706.435
21103151,320536.5675
21103152,1083002.715
21103153,844179.9225
21103154,1368914.2875
21103155,1499065.32
21103156,742433.55
21103157,437700.945
21103158,1247060.145
21103159,644011.575
21103160,377975.7
21103161,430043.1825
21103162,1199290.41
21103163,1249537.7925
21103164,406021.17
21103165,637568.22
21103166,974961.4425
21103167,1512182.82
21103168,697278.765
21103169,1862027.925
21103170,352726.2225
21103171,1407690.075
21103172,1373593.515
21103173,872145.2325
21103174,577397.745
21103175,789712.6725
21103176,728407.1025
21103177,471350.2425
21103178,1695001.125
21103179,943351.1325
21103180,528470.1825
21103181,1717127.52
21103182,2417318.67
21103183,3010718.175
21103184,1451618.3175
21103185,87319.5975
21103186,386694.27
21103187,511277.2425
21103188,3362053.0875
21103189,2026515.2775
21103190,1383461.3625
21103191,1033179.3675
21103192,1469818.29
21103193,983437.9875
21103194,777903.93
21103195,2383183.2675
21103196,476031.585
21103197,1042948.035
21103198,1698717.435
21103199,904565.0175
21103200,2976570.5325
21103201,1412764.0125
21103202,2273269.02
21103203,2799447.525
21103204,578058.6
21103205,799437.5175
21103206,592537.4475
21103207,741595.845
21103208,889596.6225
21103209,1859406.96
21103210,178023.345
21103211,86403.42
21103212,223724.925
21103213,665037.3675
21103214,292511.25
21103215,1594250.985
21103216,56757.105
21103217,102230.745
21103218,176181.3975
21103219,979371.96
21103220,1788411.315
21103221,802390.02
21103222,889657.83
21103223,2146444.9575
21103224,481509.1425
21103225,1327187.1
21103226,712634.4375
21103227,2187856.4175
21103228,338811.105
21103229,1581816.855
21103230,396558.0225
21103231,1524213.825
21103232,1028761.0425
21103233,652636.8075
21103234,1010042.6625
21103235,847818.7575
21103236,446946.4575
21103237,1382048.82
21103238,857460.6075
21103239,1554521.1
21103240,832563.36
21103241,399826.56
21103242,297288.03
21103243,1015149.6675
21103244,523570.68
21103245,951669.2925
21103246,908153.91
21103247,2669101.6725
21103248,1687537.8
21103249,1317694.5075
21103250,628294.4025
21103251,350696.955
21103252,392782.365
21103253,984508.6575
21103254,578505.6
21103255,1042233.2625
21103256,1607771.91
21103257,989103.315
21103258,1693679.2275
21103259,964850.055
21103260,420091.14
21103261,1524143.4375
21103262,869248.14
21103263,1664960.07
21103264,669754.815
21103265,648951.735
21103266,174367.98
21103267,903375.6225
21103268,532339.26
21103269,800453.01
21103270,1240634.3775
21103271,2001214.8525
21103272,2084842.2075
21103273,2163415.3425
21103274,1015779.3225
21103275,1469496.0525
21103276,1541141.205
21103277,437321.7225
21103278,1426663.7025
21103279,1310982.1425
21103280,1680464.4975
21103281,4819108.2225
21103282,1321013.9475
21103283,2514773.5725
21103284,1547633.085
21103285,1217697.39
21103286,1006587.84
21103287,656191.6425
21103288,3033009.165
21103289,1605837.33
21103290,1828664.1375
21103291,1696851.2925
21103292,1378595.055
21103293,1486627.335
21103294,1147761.96
21103295,823289.5425
21103296,1052304.975
21103297,2457710.61
21103298,915887.2125
21103299,1341005.5875
21103300,675994.1775
21103301,709458.9
21103302,1053736.83
21103303,1876178.76
21103304,2478127.7475
21103305,926854.56
21103306,2124853.71
21103307,2756044.1475
21103308,2929844.13
21103309,908940.5475
21103310,1770558.51
21103311,1091400.645
21103312,1127163.645
21103313,1293021.615
21103314,2578131.3975
21103315,1521037.7475
21103316,753052.7325
21103317,584786.07
21103318,656843.22
21103319,2733050.37
21103320,1707408.87
21103321,933568.3725
21103322,1160863.7475
21103323,813761.1075
21103324,280477.905
21103325,1673015.4525
21103326,1622010.1575
21103327,777721.3875
21103328,152951.8125
21103329,323599.8975
21103330,1409162.19
21103331,1213826.97
21103332,487938.21
21103333,1163722.1925
21103334,1422439.2075
21103335,1209126.57
21103336,520063.875
21103337,173650.395
21103338,234049.17
21103339,282722.76
21103340,389249.49
21103341,1719798.96
21103342,554142.255
21103343,578474.6925
21103344,846322.3575
21103345,325448.085
21103346,124746.84
21103347,499065.06
21103348,418839.42
21103349,1136914.605
21103350,222392.04
21103351,2244792.6825
21103352,606050.4825
21103353,725055.6075
21103354,437817.96
21103355,1112274.4125
21103356,1341424.0425
21103357,619786.245
21103358,444238.1925
21103359,1233389.1
21103360,1540660.8975
21103361,1623765.4725
21103362,604750.9725
21103363,1636336.95
21103364,1928429.235
21103365,522029.4375
21103366,131928.375
21103367,642404.2875
21103368,3716799.21
21103369,696242.43
21103370,1355823.7575
21103371,725784.525
21103372,120515.67
21103373,313209.03
21103374,338881.2675
21103375,1797945.75
21103376,500045.4675
21103377,3088191.4425
21103378,67071.9525
21103379,354452.0775
21103380,672213.1875
21103381,569139.0825
21103382,1425270.105
21103383,1626097.695
21103384,402950.535
21103385,396875.4225
21103386,1815707.5425
21103387,615023.82
21103388,2076937.095
21103389,4754148.0375
21103390,1545820.3275
21103391,1200023.1675
21103392,129073.9725
21103393,2259698.3175
21103394,522595.7775
21103395,5036893.455
21103396,2497733.565
21103397,1039899.57
21103398,317038.5975
21103399,409747.8675
21103400,308357.3325
21103401,1139033.7225
21103402,639082.1925
21103403,1299915.945
21103404,2609569.47
21103405,626295.06
21103406,877378.995
21103407,747730.545
21103408,296428.3575
21103409,1049630.1825
21103410,284593.875
21103411,1915089.435
21103412,1257609.105
21103413,2111757.2475
21103414,1290189.1725
21103415,2006861.7375
21103416,839963.61
21103417,748615.6275
21103418,1002269.4
21103419,786554.04
21103420,177155.19
21103421,454291.605
21103422,362864.88
21103423,424118.2575
21103424,1406150.6025
21103425,1085132.37
21103426,1470265.1775
21103427,1339585.995
21103428,716183.97
21103429,859070.0025
21103430,1680781.11
21103431,1904107.995
21103432,1080309.36
21103433,1825902.09
21103434,1610575.0425
21103435,296884.3125
21103436,1368182.61
21103437,1334861.4
21103438,2987294.1975
21103439,377836.755
21103440,2782287.4575
21103441,2454066.495
21103442,2419818.12
21103443,1398695.0175
21103444,3688069.965
21103445,657285.225
21103446,216990.5325
21103447,266667.5925
21103448,687899.475
21103449,992207.715
21103450,1365345.7875
21103451,1490828.745
21103452,3060948.51
21103453,657309.2925
21103454,186070.815
21103455,161528.4525
21103456,925533.7275
21103457,897183.2775
21103458,424690.8225
21103459,272303.9475
21103460,616874.64
21103461,660978.5025
21103462,1590853.605
21103463,1371531.3225
21103464,478534.0125
21103465,3625065.5175
21103466,143225.9325
21103467,1363076.8275
21103468,922242.045
21103469,2068149.12
21103470,769387.0125
21103471,1679491.545
21103472,1189084.3575
21103473,385694.67
21103474,653560.7925
21103475,1322645.4675
21103476,230644.2075
21103477,1761067.74
21103478,883131.405
21103479,141997.17
21103480,270347.6475
21103481,1577431.875
21103482,893636.115
21103483,356894.8575
21103484,3110800.7025
21103485,390806.7975
21103486,404587.0575
21103487,1192322.5275
21103488,1181482.8075
21103489,175321.6275
21103490,235937.115
21103491,745936.9725
21103492,308208.1575
21103493,1450809.54
21103494,2734480.425
21103495,402315.5775
21103496,162973.9425
21103497,568967.445
21103498,854253.4575
21103499,177698.43
21103500,2670385.065
21103501,1342350.225
21103502,730684.6575
21103503,1017972.3675
21103504,271128.525
21103505,949203.0075
21103506,1192612.815
21103507,148980.2625
21103508,650013.075
21103509,2319530.625
21103510,963584.3925
21103511,2237471.7675
21103512,1912501.425
21103513,1948895.715
21103514,1034484.225
21103515,813654.6525
21103516,773987.0175
21103517,1076887.5525
21103518,662109.735
21103519,1505839.7325
21103520,163309.065
21103521,535016.6025
21103522,1108477.2975
21103523,244788.15
21103524,675511.74
21103525,1090420.98
21103526,2030063.055
21103527,925274.2875
21103528,423313.9275
21103529,214343.4525
21103530,1350752.0625
21103531,746654.085
21103532,972121.2675
21103533,388966.935
21103534,563119.7475
21103535,1370277.135
21103536,2119051.86
21103537,416599.98
21103538,787387.305
21103539,537633.99
21103540,649563.075
21103541,986225.4075
21103542,854075.3775
21103543,340031.4375
21103544,255676.9425
21103545,655626.5025
21103546,732221.2875
21103547,2142470.73
21103548,735516.405
21103549,761443.245
21103550,1857617.0025
21103551,239009.6625
21103552,802676.2875
21103553,500842.08
21103554,3179512.0125
21103555,1681077.015
21103556,2572938.7425
21103557,1054481.9475
21103558,704677.08
21103559,757079.835
21103560,237020.1075
21103561,448734.8325
21103562,577239.6825
21103563,616783.2975
21103564,638332.2375
21103565,49576.23
21103566,390516.03
21103567,2487506.6175
21103568,1594623.405
21103569,386735.475
21103570,1125974.3175
21103571,440625.6375
21103572,891249.855
21103573,1133495.6925
21103574,1136485.9575
21103575,863434.0425
21103576,2666655.27
21103577,1161887.85
21103578,1165629.105
21103579,796289.52
21103580,2140766.085
21103581,610870.455
21103582,409192.4625
21103583,1190196.54
21103584,180787.92
21103585,1542225.03
21103586,205372.665
21103587,635381.3325
21103588,1567047.6075
21103589,681796.0875
21103590,754476.885
21103591,1097970.5475
21103592,457271.055
21103593,903343.1475
21103594,2595262.4475
21103595,843319.755
21103596,403082.91
21103597,693402.165
21103598,292650.2775
21103599,1231097.73
21103600,948895.2525
21103601,1506706.1025
21103602,488221.92
21103603,948735.5175
21103604,1898918.775
21103605,140573.07
21103606,442255.755
21103607,1526108.805
21103608,402541.2075
21103609,935948.01
21103610,656031.0375
21103611,1273976.4825
21103612,1730887.5225
21103613,1074828.03
21103614,432353.0475
21103615,1416763.77
21103616,561033.7875
21103617,490731.84
21103618,1865867.685
21103619,582365.9925
21103620,847931.91
21103621,636786.5025
21103622,1524468.9225
21103623,827230.26
21103624,1130353.6725
21103625,903964.7325
21103626,1185473.3175
21103627,525257.1075
21103628,76022.4
21103629,2603195.97
21103630,151766.7825
21103631,1855698.2325
21103632,571210.0275
21103633,2202296.67
21103634,366846.09
21103635,410904.2325
21103636,296235.6825
21103637,981843.4125
21103638,425576.5425
21103639,1559794.47
21103640,987629.31
21103641,1539280.0425
21103642,772883.43
21103643,1346265.495
21103644,1950347.49
21103645,366105.24
21103646,305155.89
21103647,1394691.0675
21103648,329915.2125
21103649,1212033.9075
21103650,1560829.74
21103651,688778.745
21103652,117990.7725
21103653,1618990.62
21103654,2510593.1475
21103655,227342.505
21103656,1418551.635
21103657,1188783.135
21103658,1127484.27
21103659,231162.5775
21103660,43188.3075
21103661,2945292.36
21103662,137265.3
21103663,252943.815
21103664,2614231.6425
21103665,283899.24
21103666,475675.2075
21103667,395724.7425
21103668,1196026.8375
21103669,1039405.44
21103670,1542547.86
21103671,816111.2025
21103672,1131402.21
21103673,1944325.05
21103674,2243604.51
21103675,903730.2375
21103676,2735998.1325
21103677,1696655.655
21103678,704611.545
21103679,848933.1
21103680,1346575.62
21103681,753991.3575
21103682,572041.095
21103683,1603577.0925
21103684,2392859.9175
21103685,1381299.2625
21103686,1351528.845
21103687,2081706.9225
21103688,738863.46
21103689,2442467.91
21103690,313829.385
21103691,435657.2175
21103692,203246.7075
21103693,609291.3525
21103694,678934.4625
21103695,348515.49
21103696,353070.3825
21103697,814857.1575
21103698,528329.355
21103699,969401.0475
21103700,2435374.89
21103701,587455.395
21103702,1121699.7
21103703,1395048.9825
21103704,1310494.1925
21103705,914042.1225
21103706,1978085.7675
21103707,995901.285
21103708,378457.8525
21103709,1758136.2375
21103710,547921.11
21103711,3455979.0675
21103712,429732.5475
21103713,1804054.41
21103714,968466.8475
21103715,184371.375
21103716,372723.0975
21103717,1210704.6
21103718,1855987.0575
21103719,785358.3525
21103720,1696519.6275
21103721,920587.0875
21103722,2414911.2525
21103723,1783583.0475
21103724,2615581.6725
21103725,1279279.785
21103726,1270074.06
21103727,889021.8075
21103728,480830.7825
21103729,1290409.695
21103730,1436900.0925
21103731,1719289.89
21103732,1222022.685
21103733,916263.15
21103734,1035573.495
21103735,1408192.68
21103736,435081.705
21103737,2088175.425
21103738,1125895.68
21103739,1810859.58
21103740,605029.5525
21103741,2451239.1825
21103742,1212770.4975
21103743,753992.1075
21103744,207723.2475
21103745,543168.9525
21103746,409282.995
21103747,1114949.325
21103748,750690.6675
21103749,620579.8875
21103750,805525.665
21103751,111901.8
21103752,403810.9875
21103753,1389562.035
21103754,456344.715
21103755,1864577.34
21103756,1704915.5775
21103757,263343.54
21103758,275500.92
21103759,3645527.6175
21103760,1046550.195
21103761,1643817.78
21103762,310331.7225
21103763,2225372.745
21103764,819743.73
21103765,565643.91
21103766,543488.7525
21103767,610692.975
21103768,659999.0775
21103769,632662.3725
21103770,446444.175
21103771,743461.3425
21103772,254916.3
21103773,439768.47
21103774,458502.6975
21103775,1454800.185
21103776,436661.475
21103777,134297.805
21103778,1296682.89
21103779,1596221.19
21103780,2178433.2825
21103781,560907.045
21103782,634414.4325
21103783,1945890.885
21103784,992340.6075
21103785,291862.98
21103786,495714.8025
21103787,373483.77
21103788,726002.04
21103789,1066890.4275
21103790,1791188.385
21103791,148210.5525
21103792,1700632.23
21103793,2481659.295
21103794,1400314.605
21103795,819499.1325
21103796,1664618.8125
21103797,592568.4675
21103798,506142.5775
21103799,781368.8025
21103800,656962.95
21103801,63214.575
21103802,485902.035
21103803,1467406.89
21103804,509030.55
21103805,201251.5725
21103806,982720.215
21103807,1366606.4175
21103808,1346772.3075
21103809,656304.45
21103810,1630920.36
21103811,514188.54
21103812,1067953.425
21103813,2360780.1
21103814,3028491.84
21103815,547610.8725
21103816,648623.88
21103817,560810.0625
21103818,3240825.8625
21103819,1502915.7375
21103820,2725797.0
21103821,574301.175
21103822,632614.1625
21103823,434644.2825
21103824,227785.7475
21103825,399852.21
21103826,1064117.88
21103827,2653773.945
21103828,1510479.255
21103829,1028942.43
21103830,917061.4275
21103831,1046796.3075
21103832,696789.6675
21103833,847995.735
21103834,461107.7175
21103835,431750.085
21103836,741593.55
21103837,1414043.2725
21103838,830765.1
21103839,1461624.975
21103840,1208329.98
21103841,567058.1625
21103842,1439763.1125
21103843,1011476.115
21103844,600645.795
21103845,1861030.5975
21103846,1494030.765
21103847,1324324.305
21103848,3387558.0375
21103849,705652.53
21103850,1235169.2475
21103851,842173.56
21103852,2359317.5625
21103853,849729.675
21103854,1328044.8225
21103855,1432588.56
21103856,372180.0975
21103857,838789.2375
21103858,765277.1775
21103859,546788.9175
21103860,457026.9
21103861,1762409.355
21103862,381769.89
21103863,1311940.095
21103864,753976.275
21103865,422056.2
21103866,843770.9625
21103867,1238743.95
21103868,996347.2575
21103869,815410.92
21103870,398128.98
21103871,147156.3375
21103872,1640338.9575
21103873,975778.905
21103874,233247.705
21103875,205679.1
21103876,810281.265
21103877,373869.8925
21103878,643996.5975
21103879,628735.8525
21103880,481885.8
21103881,2171878.8
21103882,734031.525
21103883,161745.33
21103884,262112.7375
21103885,278526.3225
21103886,918579.885
21103887,2918979.6
21103888,615422.5425
21103889,1645591.68
21103890,632193.57
21103891,1679620.965
21103892,987827.4075
21103893,394480.29
21103894,480856.125
21103895,662703.9225
21103896,785685.03
21103897,1163764.4175
21103898,638838.3675
21103899,900472.545
21103900,545328.735
21103901,188594.145
21103902,357033.525
21103903,1053163.7925
21103904,578956.5375
21103905,133081.725
21103906,685303.2975
21103907,490127.9925
21103908,287689.155
21103909,1457000.505
21103910,1328583.15
21103911,668414.07
21103912,1369064.505
21103913,876868.9725
21103914,1338289.71
21103915,1530318.8325
21103916,322293.84
21103917,468438.5625
21103918,653774.31
21103919,513115.1925
21103920,415795.095
21103921,651026.7975
21103922,2697916.485
21103923,745243.695
21103924,4031856.5775
21103925,2199597.0375
21103926,673061.3025
21103927,2713962.9225
21103928,50652.495
21103929,1731744.15
21103930,2770331.0625
21103931,659955.33
21103932,1317470.0025
21103933,550738.62
21103934,2298570.9675
21103935,151413.885
21103936,650332.2825
21103937,609305.7075
21103938,1476391.035
21103939,1565521.2075
21103940,928033.275
21103941,1459802.46
21103942,1453287.5475
21103943,1111722.5775
21103944,303508.365
21103945,1720115.4
21103946,584091.075
21103947,337002.045
21103948,512339.61
21103949,829437.945
21103950,431776.725
21103951,1345112.445
21103952,870523.8825
21103953,2612099.4975
21103954,324645.315
21103955,844769.505
21103956,499344.45
21103957,605052.045
21103958,531297.75
21103959,1885912.815
21103960,1743500.025
21103961,1436538.975
21103962,1206884.685
21103963,605065.0275
21103964,1488418.95
21103965,1917299.9925
21103966,535621.815
21103967,328588.2525
21103968,1484294.235
21103969,192649.455
21103970,355634.1225
21103971,1056378.6
21103972,228885.39
21103973,1334037.915
21103974,911960.5275
21103975,1168942.815
21103976,400057.425
21103977,2350688.16
21103978,1169422.1925
21103979,2732474.67
21103980,1016822.0025
21103981,3043136.1825
21103982,1250460.6375
21103983,2037155.8875
21103984,1079056.2375
21103985,1129130.805
21103986,501144.63
21103987,455393.1
21103988,297936.1575
21103989,4989846.1425
21103990,1661587.395
21103991,289484.94
21103992,1103746.98
21103993,1844824.95
21103994,783182.94
21103995,988021.35
21103996,1288762.1025
21103997,1249235.1375
21103998,308176.3575
21103999,1474657.95
21104000,1793716.23
21104001,2046659.745
21104002,282357.6075
21104003,1130816.01
21104004,765858.2775
21104005,749613.57
21104006,1801507.47
21104007,910348.635
21104008,422473.695
21104009,795127.8225
21104010,360270.69
21104011,1417701.45
21104012,2195011.98
21104013,488704.41
21104014,384051.795
21104015,90709.4325
21104016,634777.125
21104017,349873.665
21104018,967689.4725
21104019,3038006.52
21104020,2156233.905
21104021,1376769.3525
21104022,1708805.4525
21104023,478736.445
21104024,1273051.425
21104025,1944810.045
21104026,622112.8425
21104027,150496.17
21104028,1449885.9375
21104029,261933.8325
21104030,1381566.4725
21104031,2707450.1925
21104032,1199602.59
21104033,282305.4525
21104034,1226836.8075
21104035,925283.3775
21104036,2109685.5825
21104037,2151914.4225
21104038,1041006.3675
21104039,202056.7275
21104040,668418.84
21104041,999378.6975
21104042,818960.0175
21104043,359914.455
21104044,1018259.3325
21104045,846394.0725
21104046,2736606.0525
21104047,193690.425
21104048,795435.36
21104049,420597.5175
21104050,1385429.0475
21104051,622410.0
21104052,274539.735
21104053,150430.2075
21104054,884197.0425
21104055,802304.3925
21104056,745061.37
21104057,310749.1425
21104058,1458739.515
21104059,550350.09
21104060,427226.67
21104061,228077.115
21104062,512270.4975
21104063,587117.94
21104064,1455188.2575
21104065,400685.9625
21104066,963528.285
21104067,2751029.3325
21104068,754001.445
21104069,1802060.385
21104070,1417020.405
21104071,1841414.8875
21104072,1457705.145
21104073,1996078.785
21104074,126301.845
21104075,1573712.9775
21104076,3018549.105
21104077,1205562.6075
21104078,2074526.22
21104079,2518167.2625
21104080,233881.9425
21104081,365792.7075
21104082,3684559.41
21104083,2271679.05
21104084,1323531.135
21104085,1505796.42
21104086,1151619.03
21104087,249698.1675
21104088,1766537.295
21104089,1169975.415
21104090,855628.545
21104091,403114.5
21104092,1017690.5325
21104093,736474.095
21104094,2328976.0125
21104095,411194.175
21104096,1438424.6925
21104097,1291807.53
21104098,633329.5275
21104099,969153.345
21104100,502854.0075
21104101,435657.9075
21104102,526804.575
21104103,757849.605
21104104,1612056.0525
21104105,3573067.5525
21104106,234843.1875
21104107,703402.7775
21104108,1333916.865
21104109,1501925.1075
21104110,784454.4675
21104111,708081.9525
21104112,606398.46
21104113,1047988.1775
21104114,760617.2925
21104115,639643.4475
21104116,1078742.55
21104117,892183.7175
21104118,1064140.26
21104119,1131829.8825
21104120,347907.5175
21104121,2583363.225
21104122,995876.3325
21104123,337497.3375
21104124,653135.01
21104125,867556.6575
21104126,1010114.0475
21104127,999044.625
21104128,483333.0375
21104129,799117.2975
21104130,1402717.6725
21104131,1034099.7525
21104132,892669.5225
21104133,1087066.2975
21104134,1165137.2925
21104135,697436.655
21104136,756896.5275
21104137,894763.365
21104138,1084256.8875
21104139,810688.755
21104140,740679.585
21104141,395967.54
21104142,571394.7975
21104143,551777.2725
21104144,254654.2125
21104145,879119.4675
21104146,525960.435
21104147,925107.8625
21104148,443418.225
21104149,1684980.975
21104150,1133102.6025
21104151,69773.805
21104152,331049.3775
21104153,2110382.82
21104154,488141.5875
21104155,447498.8325
21104156,840732.7125
21104157,293054.07
21104158,3088860.855
21104159,841753.47
21104160,864325.9725
21104161,944014.8075
21104162,2650553.295
21104163,2807131.395
21104164,610950.3525
21104165,2570301.72
21104166,1334197.1025
21104167,413574.99
21104168,1446682.0875
21104169,200721.5775
21104170,1738649.0625
21104171,572704.2075
21104172,565461.015
21104173,359278.575
21104174,440202.315
21104175,136974.3375
21104176,443106.615
21104177,754613.1975
21104178,823904.7
21104179,860451.66
21104180,1979559.0975
21104181,1007047.6125
21104182,161865.5925
21104183,933849.135
21104184,938765.445
21104185,1709702.58
21104186,381196.395
21104187,256303.3575
21104188,1579228.8225
21104189,212193.705
21104190,930453.27
21104191,1703803.875
21104192,1554414.54
21104193,99125.1075
21104194,2271245.4525
21104195,684273.09
21104196,504147.33
21104197,707578.44
21104198,1177225.4325
21104199,452307.525
21104200,1195420.0725
21104201,838148.76
21104202,1136846.295
21104203,357289.2825
21104204,478425.435
21104205,424978.95
21104206,260117.1825
21104207,126543.4125
21104208,705144.5475
21104209,1589220.45
21104210,1059010.83
21104211,145064.2875
21104212,2629439.745
21104213,1915183.905
21104214,3688011.96
21104215,1058627.6625
21104216,663113.4675
21104217,1256541.63
21104218,892585.47
21104219,1003949.73
21104220,557328.06
21104221,1047258.495
21104222,466090.2675
21104223,980554.725
21104224,1231773.225
21104225,658712.91
21104226,1706046.2475
21104227,1303294.8675
21104228,765182.775
21104229,472168.9875
21104230,584190.8625
21104231,3202603.4175
21104232,844372.9125
21104233,745568.6475
21104234,645537.3975
21104235,646769.145
21104236,1336988.625
21104237,721619.235
21104238,1096404.4725
21104239,239633.49
21104240,293413.995
21104241,1435753.545
21104242,1888965.5175
21104243,588153.4125
21104244,1589260.4325
21104245,670695.5625
21104246,1687965.435
21104247,2823362.985
21104248,282793.7925
21104249,582710.9025
21104250,685636.9725
21104251,292835.0025
21104252,214871.325
21104253,896317.155
21104254,2250497.4
21104255,1210659.2475
21104256,209559.4725
21104257,121614.435
21104258,1137879.435
21104259,3145926.9975
21104260,1480842.0975
21104261,1163776.62
21104262,1097714.1225
21104263,625541.475
21104264,354106.6275
21104265,536877.3225
21104266,3408623.31
21104267,178745.5875
21104268,389080.47
21104269,2114883.24
21104270,314807.64
21104271,885065.6925
21104272,255305.505
21104273,451080.2775
21104274,1979727.2325
21104275,2045265.0225
21104276,996545.46
21104277,945670.905
21104278,349310.595
21104279,1711762.6725
21104280,674312.025
21104281,1409269.4775
21104282,2077863.105
21104283,247244.04
21104284,1111271.1
21104285,2018501.3625
21104286,2055337.4925
21104287,740488.5075
21104288,814634.4675
21104289,328956.555
21104290,578860.7625
21104291,613075.1475
21104292,2604133.5975
21104293,1595730.0075
21104294,295717.2075
21104295,253221.5475
21104296,2230582.335
21104297,3918381.3525
21104298,1906807.62
21104299,735504.18
21104300,675244.11
21104301,3667005.7125
21104302,298268.55
21104303,802280.9175
21104304,340568.7975
21104305,1997215.35
21104306,806112.3
21104307,911858.19
21104308,901690.44
21104309,1987298.31
21104310,1282154.0025
21104311,1689144.09
21104312,221911.065
21104313,435725.1
21104314,577028.97
21104315,2489595.915
21104316,576603.51
21104317,1081470.5475
21104318,213099.66
21104319,5445901.1625
21104320,243381.78
21104321,375479.6175
21104322,534752.88
21104323,1117882.6875
21104324,1978274.79
21104325,392385.93
21104326,660635.0025
21104327,455487.3225
21104328,1329970.5825
21104329,847190.1225
21104330,411672.3675
21104331,1005317.1225
21104332,1727402.0175
21104333,1243374.1875
21104334,1773916.32
21104335,351874.8075
21104336,2151073.59
21104337,391621.9125
21104338,962868.8475
21104339,855548.3025
21104340,1028009.625
21104341,796620.09
21104342,626151.3
21104343,544272.5025
21104344,1776399.375
21104345,543012.8025
21104346,1438230.315
21104347,981312.675
21104348,1293582.975
21104349,2671283.265
21104350,1938671.685
21104351,1961733.165
21104352,2032796.3325
21104353,1083776.34
21104354,2187019.5675
21104355,912551.9175
21104356,1072208.175
21104357,1518867.3675
21104358,186010.2
21104359,1345177.2675
21104360,365009.0925
21104361,2058759.2625
21104362,220774.44
21104363,2776690.3875
21104364,391324.8075
21104365,474656.4975
21104366,420557.2725
21104367,1081755.93
21104368,465116.3625
21104369,649842.48
21104370,1292896.65
21104371,2258785.32
21104372,1037471.28
21104373,1147984.35
21104374,718039.65
21104375,1547896.89
21104376,1812197.385
21104377,1359873.8775
21104378,2843828.2575
21104379,416861.7225
21104380,420311.64
21104381,1238793.8025
21104382,899596.5825
21104383,647538.87
21104384,1568417.715
21104385,1096436.7975
21104386,1911016.6275
21104387,913969.0125
21104388,1330800.63
21104389,2080224.3975
21104390,150215.6025
21104391,2279354.3925
21104392,2676389.5725
21104393,964733.715
21104394,342048.6225
21104395,2008386.945
21104396,1993079.1225
21104397,2902174.17
21104398,618698.67
21104399,745112.595
21104400,653010.78
21104401,2017239.105
21104402,268379.9775
21104403,2352341.8425
21104404,991992.6375
21104405,1083830.2425
21104406,1985056.4625
21104407,1271065.125
21104408,1273886.355
21104409,640613.7075
21104410,2244893.1525
21104411,978390.78
21104412,892861.8975
21104413,489789.7425
21104414,564756.0825
21104415,1712130.72
21104416,1082869.95
21104417,1440768.315
21104418,340481.91
21104419,2544329.3475
21104420,95993.385
21104421,882798.0375
21104422,1475147.7075
21104423,732308.6325
21104424,765460.215
21104425,134745.825
21104426,862008.375
21104427,1279921.6275
21104428,1247188.0725
21104429,1615551.51
21104430,2897120.8425
21104431,229159.5525
21104432,270197.7675
21104433,1073378.205
21104434,358696.5375
21104435,2454415.7025
21104436,512351.6625
21104437,4760071.455
21104438,598452.8625
21104439,950134.9575
21104440,2252937.525
21104441,1123968.5625
21104442,672750.9975
21104443,816901.1775
21104444,392241.81
21104445,655394.2125
21104446,358180.2075
21104447,752705.0925
21104448,993109.6875
21104449,1685341.5975
21104450,1549899.9825
21104451,2677796.0025
21104452,1228834.4025
21104453,728205.1575
21104454,606900.1275
21104455,1330946.3775
21104456,1923185.22
21104457,960065.6175
21104458,761030.25
21104459,227713.02
21104460,1523651.925
21104461,412847.385
21104462,4089242.025
21104463,1732403.3475
21104464,3784751.9625
21104465,2859656.865
21104466,250822.59
21104467,231942.105
21104468,603651.765
21104469,500173.8
21104470,578661.75
21104471,501683.6925
21104472,630641.43
21104473,1397248.575
21104474,434106.9075
21104475,191812.7325
21104476,1499876.775
21104477,3000394.0275
21104478,623635.2
21104479,645304.53
21104480,140777.4225
21104481,1000152.915
21104482,286047.1275
21104483,973515.225
21104484,615822.48
21104485,526129.6275
21104486,350776.8375
21104487,1375211.82
21104488,317794.77
21104489,1745318.7
21104490,522670.74
21104491,1951633.05
21104492,436272.18
21104493,1761921.48
21104494,1677950.6325
21104495,663739.95
21104496,409060.3125
21104497,1426972.6575
21104498,258778.17
21104499,1905774.345
21104500,1765451.25
21104501,514156.905
21104502,771257.7675
21104503,272468.655
21104504,295303.9125
21104505,577882.6425
21104506,1771465.425
21104507,1242385.53
21104508,191367.2925
21104509,1497580.6575
21104510,1777940.325
21104511,902601.225
21104512,589612.215
21104513,248815.14
21104514,702910.77
21104515,871474.56
21104516,216129.9975
21104517,722265.525
21104518,2485534.425
21104519,2212716.9975
21104520,208248.135
21104521,851234.2575
21104522,1490477.1525
21104523,652761.435
21104524,555881.8725
21104525,1467651.2625
21104526,716732.235
21104527,752846.7525
21104528,608887.6275
21104529,470368.3275
21104530,582951.555
21104531,250832.9475
21104532,2543253.9
21104533,847282.755
21104534,190336.5
21104535,783326.4375
21104536,1356158.4225
21104537,1213528.1625
21104538,899585.925
21104539,2215322.1225
21104540,262494.09
21104541,1249472.7225
21104542,220217.5275
21104543,663398.3025
21104544,1112575.6725
21104545,316882.89
21104546,790141.0125
21104547,1420482.3075
21104548,437322.24
21104549,1071856.9275
21104550,415489.8075
21104551,823043.295
21104552,700979.9025
21104553,760883.8725
21104554,1283762.2575
21104555,657133.41
21104556,561588.525
21104557,2595059.94
21104558,1153284.5325
21104559,1141479.5775
21104560,625595.925
21104561,1822557.555
21104562,519773.7375
21104563,56531.88
21104564,1039454.8725
21104565,2800043.4225
21104566,839372.61
21104567,1616690.385
21104568,1373761.3575
21104569,649836.8325
21104570,2847371.7225
21104571,500571.4425
21104572,2366694.975
21104573,951169.0875
21104574,1443054.45
21104575,3386712.4425
21104576,2890649.1675
21104577,1786251.435
21104578,1087260.75
21104579,1748194.2825
21104580,2353333.62
21104581,1779464.25
21104582,1427056.89
21104583,1783484.8125
21104584,309727.1775
21104585,174526.11
21104586,218533.155
21104587,1572172.11
21104588,1642611.7575
21104589,1137867.7275
21104590,2294378.2725
21104591,736154.0475
21104592,1399868.595
21104593,1823672.9025
21104594,2691053.6475
21104595,1626935.3175
21104596,214301.145
21104597,640300.0425
21104598,345824.4525
21104599,231715.695
21104600,691534.68
21104601,185333.1525
21104602,2067263.2275
21104603,316619.19
21104604,1083168.495
21104605,2018796.75
21104606,1956236.565
21104607,833884.935
21104608,666576.5025
21104609,2260358.07
21104610,921613.575
21104611,326920.245
21104612,721718.46
21104613,1663552.0125
21104614,978977.4525
21104615,2037925.9125
21104616,130021.86
21104617,911014.56
21104618,4924364.4675
21104619,365679.96
21104620,793667.4225
21104621,1404813.6225
21104622,557676.975
21104623,893677.6875
21104624,425429.07
21104625,1046936.5875
21104626,260856.3975
21104627,560471.0925
21104628,2403788.085
21104629,355206.9525
21104630,943144.4475
21104631,633119.85
21104632,289908.2775
21104633,3005363.76
21104634,511386.585
21104635,566024.61
21104636,2764260.18
21104637,286851.24
21104638,954291.1125
21104639,385560.225
21104640,436070.715
21104641,2672860.2825
21104642,1483045.005
21104643,1422216.2325
21104644,275411.0775
21104645,874829.6175
21104646,599539.47
21104647,1940943.21
21104648,735086.4375
21104649,2390124.255
21104650,891998.835
21104651,1666549.4925
21104652,1044445.9425
21104653,125656.4025
21104654,2049259.5525
21104655,1670368.455
21104656,1649988.6525
21104657,1368440.55
21104658,1421678.535
21104659,840974.79
21104660,1213817.1
21104661,172210.05
21104662,485663.94
21104663,339729.4125
21104664,1577046.93
21104665,800638.32
21104666,2105833.3275
21104667,455438.6325
21104668,177370.9875
21104669,654810.33
21104670,402764.91
21104671,2836457.205
21104672,767499.4125
21104673,761980.2675
21104674,2129796.8625
21104675,2978074.2225
21104676,359190.03
21104677,817899.6075
21104678,121623.87
21104679,997956.5325
21104680,1426717.455
21104681,1402318.7775
21104682,1270413.57
21104683,849302.6325
21104684,378678.2775
21104685,2796727.275
21104686,368349.39
21104687,1038785.22
21104688,2325651.1275
21104689,307518.555
21104690,225203.2125
21104691,1817019.3975
21104692,2079858.33
21104693,1095250.0425
21104694,637966.0725
21104695,1156293.2625
21104696,3199506.09
21104697,920616.8925
21104698,917482.905
21104699,1813310.235
21104700,1348741.02
21104701,409520.2275
21104702,448414.665
21104703,3212919.6975
21104704,926225.775
21104705,1443192.585
21104706,927808.6575
21104707,2860653.27
21104708,607908.78
21104709,2034232.1175
21104710,337027.7025
21104711,990743.8875
21104712,448902.165
21104713,408894.7725
21104714,939931.68
21104715,636798.915
21104716,2181275.58
21104717,278555.52
21104718,1407721.4025
21104719,419673.525
21104720,875073.0375
21104721,3036695.415
21104722,684007.1775
21104723,604190.295
21104724,635863.0875
21104725,1418395.635
21104726,221907.165
21104727,2503017.06
21104728,1498707.585
21104729,451991.925
21104730,1224566.625
21104731,1226322.6975
21104732,547817.16
21104733,2389038.8625
21104734,910958.1375
21104735,705240.675
21104736,1710191.895
21104737,2316864.4875
21104738,746946.585
21104739,1168708.485
21104740,355311.75
21104741,250947.2325
21104742,392264.58
21104743,912246.135
21104744,672464.8425
21104745,1228405.2225
21104746,782813.7375
21104747,4034347.2375
21104748,1045451.8725
21104749,633850.005
21104750,480083.7525
21104751,913063.545
21104752,2944235.3175
21104753,276622.5675
21104754,2012228.73
21104755,280464.2025
21104756,1570244.3775
21104757,1312827.2325
21104758,722741.13
21104759,202869.6525
21104760,879596.4225
21104761,1424853.825
21104762,719913.0375
21104763,2427095.175
21104764,2470887.66
21104765,1477447.5
21104766,413120.145
21104767,1898128.6275
21104768,375093.8325
21104769,1319155.2975
21104770,670082.4675
21104771,2833926.96
21104772,2191528.5675
21104773,858233.5575
21104774,1432473.51
21104775,1085483.22
21104776,845581.5375
21104777,597445.53
21104778,1209249.3225
21104779,1273640.85
21104780,1116791.3475
21104781,4453420.815
21104782,1383166.7175
21104783,4850172.54
21104784,3778235.4675
21104785,799710.4125
21104786,1403433.255
21104787,1434062.4075
21104788,1019294.3175
21104789,2506498.3275
21104790,943881.66
21104791,227234.325
21104792,958899.6225
21104793,1535684.6925
21104794,1547769.615
21104795,4370201.0775
21104796,4894918.1475
21104797,1108567.5525
21104798,111104.2725
21104799,408670.0575
21104800,690311.55
21104801,567844.68
21104802,716006.88
21104803,798246.105
21104804,1248507.2475
21104805,1446546.0975
21104806,108448.575
21104807,283659.15
21104808,1381392.885
21104809,1161074.655
21104810,797491.2
21104811,985976.19
21104812,2653165.32
21104813,795208.7925
21104814,608535.0375
21104815,512464.2
21104816,1342544.79
21104817,680555.6925
21104818,755674.8525
21104819,281441.4975
21104820,573941.805
21104821,385653.7725
21104822,624732.15
21104823,1623037.875
21104824,646938.48
21104825,281702.7
21104826,248958.4575
21104827,3688707.5475
21104828,3075524.025
21104829,864204.1275
21104830,1015248.3675
21104831,326581.725
21104832,1026973.9575
21104833,1175050.8
21104834,445178.6175
21104835,1472347.035
21104836,503466.615
21104837,4076340.675
21104838,2994698.88
21104839,383674.515
21104840,1452819.0225
21104841,2141075.4675
21104842,1429626.255
21104843,1193428.3575
21104844,1371070.1925
21104845,2443218.1275
21104846,2522409.615
21104847,557390.055
21104848,825153.645
21104849,2071061.1825
21104850,547246.9575
21104851,484986.585
21104852,346217.805
21104853,1249999.1475
21104854,900187.8075
21104855,2692601.97
21104856,1329735.255
21104857,925495.59
21104858,231555.2475
21104859,140353.35
21104860,1096054.635
21104861,837695.865
21104862,1532623.9575
21104863,1765522.0875
21104864,612927.7725
21104865,3971252.2425
21104866,2089395.5175
21104867,698623.605
21104868,1442440.275
21104869,737448.1425
21104870,152201.2425
21104871,801683.1
21104872,1758946.14
21104873,197016.045
21104874,646594.4925
21104875,389071.4775
21104876,704897.3175
21104877,901047.315
21104878,1589236.485
21104879,1221142.335
21104880,460500.435
21104881,1847068.8825
21104882,486251.0775
21104883,450848.7675
21104884,3381335.8875
21104885,478170.4575
21104886,562537.7625
21104887,338588.985
21104888,650344.2075
21104889,636781.35
21104890,636301.995
21104891,1597863.375
21104892,695178.2625
21104893,1069676.76
21104894,716813.5125
21104895,779035.905
21104896,949800.3
21104897,368601.375
21104898,889722.8325
21104899,2148217.5225
21104900,609466.23
21104901,1131477.81
21104902,132539.52
21104903,907029.93
21104904,544293.015
21104905,627215.1675
21104906,804439.0875
21104907,2771350.5
21104908,936906.1575
21104909,2666226.0225
21104910,2689941.465
21104911,690105.8625
21104912,1782490.0725
21104913,1751877.93
21104914,1945146.15
21104915,680841.135
21104916,524016.1725
21104917,1469684.9475
21104918,315936.0375
21104919,623088.255
21104920,533356.0425
21104921,857103.495
21104922,2835934.3425
21104923,662342.775
21104924,934639.605
21104925,1020540.8175
21104926,1431653.9025
21104927,604727.5425
21104928,816574.455
21104929,557007.3225
21104930,1994109.39
21104931,1244305.11
21104932,1067809.98
21104933,393703.4025
21104934,761140.2975
21104935,1334190.3975
21104936,307671.615
21104937,299457.345
21104938,679942.71
21104939,2633107.1775
21104940,1255435.3425
21104941,2074765.3875
21104942,1291888.7925
21104943,682209.4425
21104944,161677.785
21104945,408053.9025
21104946,1919396.6475
21104947,1770722.3925
21104948,981274.3575
21104949,612571.77
21104950,929533.845
21104951,482773.365
21104952,2618822.0925
21104953,461650.38
21104954,2541933.435
21104955,942625.0425
21104956,1015721.8575
21104957,919474.56
21104958,175809.375
21104959,2161208.5875
21104960,1082904.525
21104961,1457802.78
21104962,1088583.81
21104963,946848.2775
21104964,1480537.8075
21104965,1138026.6
21104966,1143527.895
21104967,99974.145
21104968,899752.4325
21104969,753943.125
21104970,150357.9825
21104971,2024536.515
21104972,774693.9975
21104973,958833.7125
21104974,416599.335
21104975,2025257.1225
21104976,1638950.9625
21104977,973671.5325
21104978,251114.4375
21104979,2382904.89
21104980,611887.23
21104981,833250.3675
21104982,497944.875
21104983,1074368.355
21104984,2057273.8275
21104985,659345.4825
21104986,2724758.0475
21104987,531220.3725
21104988,1163007.21
21104989,171924.435
21104990,2062574.8125
21104991,124193.1
21104992,1765718.0175
21104993,1210436.2725
21104994,633866.9325
21104995,1187716.44
21104996,1537339.7625
21104997,971836.785
21104998,1645990.2
21104999,2344798.9575
21105000,418262.2425
21105001,2576461.515
21105002,2199577.7925
21105003,1025730.3
21105004,1222210.575
21105005,423408.18
21105006,847168.23
21105007,737753.97
21105008,863815.14
21105009,785080.74
21105010,437505.915
21105011,868470.6
21105012,1219526.7675
21105013,291694.62
21105014,1627935.105
21105015,311370.4425
21105016,1852458.0
21105017,1009739.1975
21105018,423974.4375
21105019,212757.405
21105020,1984856.97
21105021,2416809.12
21105022,442582.7175
21105023,428003.4975
21105024,2209675.9725
21105025,941128.965
21105026,505510.095
21105027,350658.2775
21105028,2273456.94
21105029,352841.3625
21105030,576551.5725
21105031,989082.135
21105032,2020380.315
21105033,910866.2475
21105034,1019247.0975
21105035,353003.49
21105036,1350830.3625
21105037,1868548.6275
21105038,260934.2025
21105039,1155142.9425
21105040,1740903.915
21105041,882131.4825
21105042,473061.06
21105043,1681798.8825
21105044,2794256.7225
21105045,1908692.55
21105046,1615401.4125
21105047,1219414.89
21105048,547763.6925
21105049,2865001.6275
21105050,383425.41
21105051,1411021.725
21105052,1408519.065
21105053,1134611.025
21105054,631746.42
21105055,940666.9125
21105056,1620652.755
21105057,895386.105
21105058,1593699.75
21105059,645424.185
21105060,1592335.035
21105061,1753333.9575
21105062,663945.705
21105063,534460.245
21105064,358143.525
21105065,3467991.7875
21105066,825972.5175
21105067,648708.21
21105068,367647.6825
21105069,249652.8825
21105070,694169.025
21105071,1266013.0575
21105072,1008504.6825
21105073,871685.6475
21105074,623038.125
21105075,1302380.64
21105076,340918.9725
21105077,1550124.7725
21105078,1621393.6875
21105079,171426.435
21105080,436129.8675
21105081,1975316.025
21105082,640528.83
21105083,1373614.7325
21105084,2544364.9275
21105085,924901.605
21105086,613623.525
21105087,1045338.915
21105088,1397689.425
21105089,1726950.915
21105090,1140013.83
21105091,3604278.6
21105092,470977.5075
21105093,792160.845
21105094,867495.675
21105095,1841444.865
21105096,1978497.8325
21105097,1993388.3025
21105098,1380372.06
21105099,689633.97
21105100,1051016.745
21105101,206621.3475
21105102,1430642.1825
21105103,728541.465
21105104,708199.9425
21105105,545654.0175
21105106,317879.64
21105107,664831.4625
21105108,914575.7925
21105109,1092191.895
21105110,696154.095
21105111,512426.985
21105112,363061.2975
21105113,2093149.56
21105114,179415.4425
21105115,230233.95
21105116,699207.36
21105117,1444664.7525
21105118,602236.1175
21105119,972710.595
21105120,1169160.225
21105121,2105853.105
21105122,1516750.4925
21105123,2228713.8825
21105124,681356.5875
21105125,325628.3325
21105126,826938.27
21105127,780580.2975
21105128,1959718.59
21105129,1952167.1625
21105130,1050695.6625
21105131,692151.795
21105132,852613.9125
21105133,366513.5175
21105134,774402.1725
21105135,1091751.54
21105136,675492.3675
21105137,1919013.435
21105138,635737.29
21105139,1353195.12
21105140,1788173.655
21105141,886485.36
21105142,1062981.7575
21105143,860844.405
21105144,1103009.0925
21105145,1417053.165
21105146,660563.85
21105147,4651639.6725
21105148,398034.7125
21105149,2634920.7675
21105150,516524.0325
21105151,3058522.4325
21105152,1315802.6775
21105153,329271.0825
21105154,2702786.25
21105155,1334065.68
21105156,2337857.1525
21105157,1916107.845
21105158,1512643.5525
21105159,811567.59
21105160,465572.715
21105161,573883.2525
21105162,1385840.55
21105163,189881.415
21105164,677978.5725
21105165,669741.2775
21105166,2679258.225
21105167,1391243.31
21105168,1012269.7425
21105169,212645.505
21105170,1387693.2675
21105171,563154.42
21105172,1328368.9725
21105173,1669684.2675
21105174,2205913.0875
21105175,1176746.505
21105176,2124472.4775
21105177,818908.5525
21105178,1221615.6075
21105179,605027.7675
21105180,1307876.445
21105181,627183.7725
21105182,1561711.185
21105183,291891.105
21105184,292877.4675
21105185,1516719.4425
21105186,4546784.8425
21105187,313066.29
21105188,1968972.24
21105189,681369.3075
21105190,458181.27
21105191,394345.575
21105192,1367297.7975
21105193,637395.135
21105194,740826.93
21105195,556195.3725
21105196,1703988.18
21105197,382288.725
21105198,325868.0025
21105199,2047157.43
21105200,533446.05
21105201,736740.525
21105202,882334.32
21105203,458595.7725
21105204,719685.9975
21105205,223813.11
21105206,1437505.2075
21105207,1405559.6175
21105208,1026054.4275
21105209,418693.005
21105210,841606.7025
21105211,903424.8375
21105212,1067120.685
21105213,1737499.92
21105214,239131.0725
21105215,1381821.3825
21105216,426863.82
21105217,2750305.71
21105218,612626.76
21105219,518360.4375
21105220,187251.0375
21105221,1356920.895
21105222,541015.815
21105223,2245337.4075
21105224,371600.61
21105225,705230.8725
21105226,2427490.8075
21105227,354384.0225
21105228,588326.025
21105229,2152114.4475
21105230,1105408.2975
21105231,696379.215
21105232,195631.6575
21105233,855183.9525
21105234,722667.6
21105235,520423.125
21105236,1529274.615
21105237,1899828.87
21105238,1719209.3625
21105239,504869.415
21105240,916422.36
21105241,625807.32
21105242,2118376.995
21105243,2076795.795
21105244,495235.6425
21105245,1058764.065
21105246,736756.935
21105247,1377431.7375
21105248,207501.7875
21105249,3404381.37
21105250,738703.035
21105251,751031.8125
21105252,347986.6725
21105253,1036619.07
21105254,3482228.355
21105255,1091115.84
21105256,489965.5125
21105257,639584.0475
21105258,858735.4275
21105259,1041202.59
21105260,577706.295
21105261,2652574.5
21105262,696447.8025
21105263,1489463.745
21105264,1581949.515
21105265,650208.105
21105266,2796869.5725
21105267,996413.6775
21105268,3099606.24
21105269,938365.0125
21105270,2300556.3225
21105271,473681.535
21105272,289059.9975
21105273,123554.5275
21105274,765957.78
21105275,592355.835
21105276,1221249.3
21105277,434968.305
21105278,1674319.3275
21105279,1002752.2875
21105280,790681.3575
21105281,709958.415
21105282,1076248.5825
21105283,1063187.7975
21105284,3784172.0175
21105285,880902.0
21105286,1282143.5625
21105287,1112167.335
21105288,2446461.9525
21105289,1363694.325
21105290,842672.655
21105291,450794.4375
21105292,304825.755
21105293,2129036.6025
21105294,335796.2775
21105295,1048404.0225
21105296,243015.9825
21105297,453837.9075
21105298,1695014.5425
21105299,429332.07
21105300,1968126.5625
21105301,589649.1375
21105302,1336119.0825
21105303,2074830.2925
21105304,998712.39
21105305,462381.99
21105306,2863575.5775
21105307,1059011.565
21105308,386893.8075
21105309,1373859.255
21105310,1810544.1
21105311,1318137.825
21105312,636021.12
21105313,1487591.16
21105314,674014.1175
21105315,1095239.235
21105316,1543259.16
21105317,306053.0025
21105318,1943348.025
21105319,737179.5
21105320,1312902.93
21105321,328599.015
21105322,581480.8275
21105323,1243662.7575
21105324,1585944.255
21105325,890159.25
21105326,380013.9375
21105327,1430526.45
21105328,1365281.085
21105329,622380.4275
21105330,1376298.705
21105331,2266645.7175
21105332,3978472.635
21105333,1292219.3925
21105334,845581.5375
21105335,1712520.345
21105336,440888.2575
21105337,1973429.6625
21105338,386127.615
21105339,1334137.0725
21105340,163863.2625
21105341,1730178.4425
21105342,659082.5925
21105343,2347844.955
21105344,646670.7525
21105345,4115497.23
21105346,364089.135
21105347,2052488.2575
21105348,852116.325
21105349,1020568.3275
21105350,184335.96
21105351,772117.1925
21105352,581248.185
21105353,642012.2175
21105354,1243086.3
21105355,1073508.0225
21105356,2820507.0225
21105357,161703.54
21105358,1291581.75
21105359,1558621.29
21105360,2305134.555
21105361,1587799.2075
21105362,252366.33
21105363,308960.0175
21105364,965746.695
21105365,247243.41
21105366,1863329.7375
21105367,1271593.965
21105368,1732165.5975
21105369,1265041.335
21105370,1971555.5325
21105371,1636010.7375
21105372,2775876.03
21105373,388586.8125
21105374,226764.36
21105375,365904.51
21105376,1612530.63
21105377,1577508.5025
21105378,1550225.9775
21105379,2893392.09
21105380,329518.2825
21105381,331577.775
21105382,1724854.5075
21105383,545917.3575
21105384,3199108.995
21105385,1986266.2275
21105386,1768077.3525
21105387,1219591.1775
21105388,394316.6625
21105389,1153046.1825
21105390,1539446.01
21105391,469898.3325
21105392,2218854.93
21105393,3083584.3725
21105394,1236537.5925
21105395,2485596.1125
21105396,2712556.7775
21105397,1053347.3025
21105398,753613.185
21105399,298603.575
21105400,2460424.8
21105401,665934.3075
21105402,906726.2325
21105403,385426.4175
21105404,419333.295
21105405,678194.3025
21105406,238987.47
21105407,1094518.9125
21105408,1234676.8725
21105409,2929578.2775
21105410,590687.9325
21105411,2352676.8075
21105412,147197.385
21105413,2136808.47
21105414,1260251.1075
21105415,245550.795
21105416,813035.955
21105417,3975792.2925
21105418,1204346.13
21105419,1184991.42
21105420,1491263.6775
21105421,1401333.8925
21105422,1258500.3675
21105423,697283.2275
21105424,1233943.32
21105425,90581.7225
21105426,830747.085
21105427,647986.185
21105428,962841.96
21105429,1345619.1525
21105430,220119.195
21105431,1424243.55
21105432,783047.04
21105433,662661.1425
21105434,732963.0825
21105435,2626840.4175
21105436,1092628.7625
21105437,1761351.135
21105438,1438022.925
21105439,1033862.655
21105440,100599.045
21105441,461908.065
21105442,161197.605
21105443,781909.0875
21105444,645049.2075
21105445,339012.255
21105446,251616.2175
21105447,201114.165
21105448,760002.1875
21105449,922801.5225
21105450,776478.8325
21105451,1214967.315
21105452,639324.5775
21105453,402085.1925
21105454,374857.515
21105455,1594465.7925
21105456,943276.9125
21105457,300947.8725
21105458,373302.5475
21105459,1531553.22
21105460,308685.81
21105461,1353988.3275
21105462,367477.08
21105463,1279814.4075
21105464,911922.9375
21105465,117234.84
21105466,832518.36
21105467,1720533.39
21105468,4967431.8225
21105469,253989.0525
21105470,2811312.1575
21105471,352941.6225
21105472,72475.9725
21105473,1097830.47
21105474,700343.61
21105475,768544.02
21105476,521186.625
21105477,1525644.63
21105478,1076273.3775
21105479,1870227.915
21105480,1002369.075
21105481,2335366.875
21105482,489602.7975
21105483,441107.0475
21105484,773939.415
21105485,711475.815
21105486,374426.5875
21105487,240279.5175
21105488,629778.66
21105489,845350.0125
21105490,708808.2975
21105491,1579033.89
21105492,3199537.545
21105493,646296.9525
21105494,1986200.1825
21105495,337309.8225
21105496,1045971.015
21105497,753734.01
21105498,372631.4625
21105499,443741.475
21105500,481138.785
21105501,1474675.59
21105502,817075.7775
21105503,1460473.2675
21105504,178100.73
21105505,249733.095
21105506,362354.745
21105507,1085313.075
21105508,612042.42
21105509,927829.125
21105510,430710.5475
21105511,341631.2175
21105512,1791479.5725
21105513,2607056.6625
21105514,893860.6575
21105515,1184689.605
21105516,875705.43
21105517,636697.08
21105518,726012.4875
21105519,647454.105
21105520,349785.7275
21105521,1006214.0325
21105522,1301864.6025
21105523,1694054.73
21105524,253176.3825
21105525,1389814.11
21105526,1948753.8225
21105527,1093064.2725
21105528,515334.96
21105529,944208.7125
21105530,746425.635
21105531,980416.5225
21105532,546101.0775
21105533,455679.165
21105534,1659309.225
21105535,1003208.2125
21105536,1685929.755
21105537,1046409.1275
21105538,539862.225
21105539,1680554.28
21105540,1621287.51
21105541,3240069.975
21105542,1769176.9125
21105543,870351.39
21105544,480912.585
21105545,852619.7175
21105546,1076343.5925
21105547,2153187.2025
21105548,1219102.4625
21105549,814418.4
21105550,1272527.73
21105551,3196006.7475
21105552,1580405.7375
21105553,642293.55
21105554,325825.515
21105555,956070.4575
21105556,1040073.4425
21105557,539417.1975
21105558,573632.085
21105559,340801.0725
21105560,724562.2875
21105561,169205.7375
21105562,685855.035
21105563,1052185.9725
21105564,3021063.2925
21105565,1361345.8575
21105566,826470.84
21105567,820571.805
21105568,1198165.83
21105569,1980665.1375
21105570,883220.91
21105571,891681.6225
21105572,435357.7875
21105573,1765451.25
21105574,1577156.985
21105575,152791.485
21105576,437350.6125
21105577,2114501.0925
21105578,266953.8975
21105579,1575570.555
21105580,321395.1675
21105581,315486.225
21105582,383828.5125
21105583,190168.1625
21105584,2444660.8725
21105585,1735856.145
21105586,2043468.78
21105587,217419.465
21105588,1071100.755
21105589,1194154.62
21105590,1180238.265
21105591,1083179.0775
21105592,1944733.23
21105593,746253.51
21105594,1473913.05
21105595,517680.6375
21105596,429825.3825
21105597,1569282.2775
21105598,2130701.0775
21105599,1364731.8375
21105600,1184781.495
21105601,1160994.675
21105602,939748.11
21105603,758479.305
21105604,1691887.9275
21105605,512855.7525
21105606,2363702.595
21105607,119291.04
21105608,1149514.4925
21105609,2924936.64
21105610,1982821.5225
21105611,796800.0975
21105612,299124.2475
21105613,371559.9375
21105614,844733.1
21105615,555730.9275
